CREATE DATABASE  IF NOT EXISTS `budget` /*!40100 DEFAULT CHARACTER SET utf32 */ /*!80016 DEFAULT ENCRYPTION='N' */;
USE `budget`;
-- MySQL dump 10.13  Distrib 8.0.16, for macos10.14 (x86_64)
--
-- Host: 127.0.0.1    Database: budget
-- ------------------------------------------------------
-- Server version	8.0.20

/*!40101 SET @OLD_CHARACTER_SET_CLIENT=@@CHARACTER_SET_CLIENT */;
/*!40101 SET @OLD_CHARACTER_SET_RESULTS=@@CHARACTER_SET_RESULTS */;
/*!40101 SET @OLD_COLLATION_CONNECTION=@@COLLATION_CONNECTION */;
 SET NAMES utf8 ;
/*!40103 SET @OLD_TIME_ZONE=@@TIME_ZONE */;
/*!40103 SET TIME_ZONE='+00:00' */;
/*!40014 SET @OLD_UNIQUE_CHECKS=@@UNIQUE_CHECKS, UNIQUE_CHECKS=0 */;
/*!40014 SET @OLD_FOREIGN_KEY_CHECKS=@@FOREIGN_KEY_CHECKS, FOREIGN_KEY_CHECKS=0 */;
/*!40101 SET @OLD_SQL_MODE=@@SQL_MODE, SQL_MODE='NO_AUTO_VALUE_ON_ZERO' */;
/*!40111 SET @OLD_SQL_NOTES=@@SQL_NOTES, SQL_NOTES=0 */;

--
-- Table structure for table `account`
--

DROP TABLE IF EXISTS `account`;
/*!40101 SET @saved_cs_client     = @@character_set_client */;
 SET character_set_client = utf8mb4 ;
CREATE TABLE `account` (
  `id` int NOT NULL AUTO_INCREMENT COMMENT 'Account ID',
  `name` varchar(200) NOT NULL COMMENT 'Account Name',
  `code` varchar(5) NOT NULL COMMENT 'Account Code',
  `vertical_id` int NOT NULL COMMENT 'Vertical id to link vertical table',
  `is_active` tinyint(1) NOT NULL DEFAULT '1' COMMENT 'Is Active',
  `created_by` varchar(45) NOT NULL COMMENT 'Created By - PS Number',
  `modified_by` varchar(45) DEFAULT NULL COMMENT 'Modified By - PS number',
  `created` datetime NOT NULL COMMENT 'Created Data & Time',
  `modified` datetime DEFAULT NULL COMMENT 'Modified Date & Time',
  PRIMARY KEY (`id`),
  UNIQUE KEY `id_UNIQUE` (`id`),
  KEY `FK_account_vertical_id_idx` (`vertical_id`),
  CONSTRAINT `FK_account_vertical_id` FOREIGN KEY (`vertical_id`) REFERENCES `vertical` (`id`)
) ENGINE=InnoDB AUTO_INCREMENT=504 DEFAULT CHARSET=utf32;
/*!40101 SET character_set_client = @saved_cs_client */;

--
-- Dumping data for table `account`
--

LOCK TABLES `account` WRITE;
/*!40000 ALTER TABLE `account` DISABLE KEYS */;
INSERT INTO `account` VALUES (1,'360FLY','A0001',10,1,'1',NULL,'2020-05-01 00:00:01',NULL),(2,'A.T.E SOLUTIONS INC','A0002',12,1,'1',NULL,'2020-05-01 00:00:01',NULL),(3,'A123 SYSTEMS, LLC','A0003',1,1,'1',NULL,'2020-05-01 00:00:01',NULL),(4,'AARTI INDUSTRIES','A0004',21,1,'1',NULL,'2020-05-01 00:00:01',NULL),(5,'ABB','A0005',9,1,'1',NULL,'2020-05-01 00:00:01',NULL),(6,'ABBOTT','A0006',26,1,'1',NULL,'2020-05-01 00:00:01',NULL),(7,'ABINBEV','A0007',22,1,'1',NULL,'2020-05-01 00:00:01',NULL),(8,'ABU DHABI PORTS','A0008',10,1,'1',NULL,'2020-05-01 00:00:01',NULL),(9,'ACCUDYNE','A0009',11,1,'1',NULL,'2020-05-01 00:00:01',NULL),(10,'ACUITY BRANDS','A0010',8,1,'1',NULL,'2020-05-01 00:00:01',NULL),(11,'ADANI WILMAR','A0011',22,1,'1',NULL,'2020-05-01 00:00:01',NULL),(12,'ADE','A0012',7,1,'1',NULL,'2020-05-01 00:00:01',NULL),(13,'A-DEC','A0013',26,1,'1',NULL,'2020-05-01 00:00:01',NULL),(14,'ADIENT','A0014',1,1,'1',NULL,'2020-05-01 00:00:01',NULL),(15,'ADVANTEST','A0015',12,1,'1',NULL,'2020-05-01 00:00:01',NULL),(16,'AEI','A0016',11,1,'1',NULL,'2020-05-01 00:00:01',NULL),(17,'AERONAUTICAL DEVELOPMENT AGENC','A0017',7,1,'1',NULL,'2020-05-01 00:00:01',NULL),(18,'AGAPPE DIAGNOSTICS LTD','A0018',23,1,'1',NULL,'2020-05-01 00:00:01',NULL),(19,'AGCO','A0019',3,1,'1',NULL,'2020-05-01 00:00:01',NULL),(20,'AGM AUTOMOTIVE','A0020',1,1,'1',NULL,'2020-05-01 00:00:01',NULL),(21,'AI MICRON','A0021',12,1,'1',NULL,'2020-05-01 00:00:01',NULL),(22,'AIRBUS ENGINEERING CENTRE','A0022',7,1,'1',NULL,'2020-05-01 00:00:01',NULL),(23,'AIRSPAN NETWORKS LTD','A0023',13,1,'1',NULL,'2020-05-01 00:00:01',NULL),(24,'AIRTEL','A0024',15,1,'1',NULL,'2020-05-01 00:00:01',NULL),(25,'AKKA','A0025',7,1,'1',NULL,'2020-05-01 00:00:01',NULL),(26,'AKZO NOBEL','A0026',21,1,'1',NULL,'2020-05-01 00:00:01',NULL),(27,'AL ARABIYA','A0027',22,1,'1',NULL,'2020-05-01 00:00:01',NULL),(28,'ALCATEL','A0028',13,1,'1',NULL,'2020-05-01 00:00:01',NULL),(29,'ALCOA','A0029',22,1,'1',NULL,'2020-05-01 00:00:01',NULL),(30,'Alcon research ltd','A0030',25,1,'1',NULL,'2020-05-01 00:00:01',NULL),(31,'ALIF SEMICONDUCTOR','A0031',12,1,'1',NULL,'2020-05-01 00:00:01',NULL),(32,'ALLIED VISION','A0032',8,1,'1',NULL,'2020-05-01 00:00:01',NULL),(33,'ALMARAI','A0033',22,1,'1',NULL,'2020-05-01 00:00:01',NULL),(34,'ALTHOM','A0034',7,1,'1',NULL,'2020-05-01 00:00:01',NULL),(35,'ALTRA INDUSTRIAL MOTION','A0035',9,1,'1',NULL,'2020-05-01 00:00:01',NULL),(36,'ALTRA MOTION','A0036',8,1,'1',NULL,'2020-05-01 00:00:01',NULL),(37,'AMD','A0037',12,1,'1',NULL,'2020-05-01 00:00:01',NULL),(38,'AMDOCS','A0038',8,1,'1',NULL,'2020-05-01 00:00:01',NULL),(39,'AMERESCO','A0039',9,1,'1',NULL,'2020-05-01 00:00:01',NULL),(40,'AMERICAN BUREAU OF SHIPPING','A0040',20,1,'1',NULL,'2020-05-01 00:00:01',NULL),(41,'AMETEK','A0041',7,1,'1',NULL,'2020-05-01 00:00:01',NULL),(42,'AMPRO ADLINK TECHNOLOGY INC','A0042',10,1,'1',NULL,'2020-05-01 00:00:01',NULL),(43,'AMWAY','A0043',22,1,'1',NULL,'2020-05-01 00:00:01',NULL),(44,'ANALOG DEVICES','A0044',12,1,'1',NULL,'2020-05-01 00:00:01',NULL),(45,'ANGIODYNAMICS','A0045',25,1,'1',NULL,'2020-05-01 00:00:01',NULL),(46,'ANGOLA LNG','A0046',20,1,'1',NULL,'2020-05-01 00:00:01',NULL),(47,'APOLLO TYRES','A0047',22,1,'1',NULL,'2020-05-01 00:00:01',NULL),(48,'APPLE','A0048',10,1,'1',NULL,'2020-05-01 00:00:01',NULL),(49,'APPLIED MATERIALS','A0049',11,1,'1',NULL,'2020-05-01 00:00:01',NULL),(50,'Aptiv Components India Pvt Ltd','A0050',1,1,'1',NULL,'2020-05-01 00:00:01',NULL),(51,'ARCELOR MITTAL','A0051',22,1,'1',NULL,'2020-05-01 00:00:01',NULL),(52,'ARISTOCRAT TECHNOLOGIES','A0052',11,1,'1',NULL,'2020-05-01 00:00:01',NULL),(53,'ARRIS','A0053',15,1,'1',NULL,'2020-05-01 00:00:01',NULL),(54,'ASAP MOBILITY','A0054',6,1,'1',NULL,'2020-05-01 00:00:01',NULL),(55,'ASHIMORI','A0055',1,1,'1',NULL,'2020-05-01 00:00:01',NULL),(56,'ASI','A0056',22,1,'1',NULL,'2020-05-01 00:00:01',NULL),(57,'ASSYSTEM','A0057',7,1,'1',NULL,'2020-05-01 00:00:01',NULL),(58,'ASUS','A0058',10,1,'1',NULL,'2020-05-01 00:00:01',NULL),(59,'Atkore International','A0059',22,1,'1',NULL,'2020-05-01 00:00:01',NULL),(60,'ATOMITON','A0060',13,1,'1',NULL,'2020-05-01 00:00:01',NULL),(61,'ATRICURE','A0061',24,1,'1',NULL,'2020-05-01 00:00:01',NULL),(62,'ATUL','A0062',21,1,'1',NULL,'2020-05-01 00:00:01',NULL),(63,'AVER','A0063',10,1,'1',NULL,'2020-05-01 00:00:01',NULL),(64,'AZEK BUILDING PRODUCTS','A0064',8,1,'1',NULL,'2020-05-01 00:00:01',NULL),(65,'B/E AEROSPACE','A0065',4,1,'1',NULL,'2020-05-01 00:00:01',NULL),(66,'BABCOCK POWER','A0066',9,1,'1',NULL,'2020-05-01 00:00:01',NULL),(67,'BAKER HUGHES','A0067',11,1,'1',NULL,'2020-05-01 00:00:01',NULL),(68,'BASF','A0068',21,1,'1',NULL,'2020-05-01 00:00:01',NULL),(69,'BAXTER HEALTHCARE CORPORATION','A0069',26,1,'1',NULL,'2020-05-01 00:00:01',NULL),(70,'BAYER','A0070',21,1,'1',NULL,'2020-05-01 00:00:01',NULL),(71,'BE technologies','A0071',7,1,'1',NULL,'2020-05-01 00:00:01',NULL),(72,'BEIERSDORF','A0072',22,1,'1',NULL,'2020-05-01 00:00:01',NULL),(73,'BELDEN','A0073',9,1,'1',NULL,'2020-05-01 00:00:01',NULL),(74,'BHP BILLITON','A0074',20,1,'1',NULL,'2020-05-01 00:00:01',NULL),(75,'BIOTECH VISIONCARE','A0075',11,1,'1',NULL,'2020-05-01 00:00:01',NULL),(76,'BK MEDICAL','A0076',24,1,'1',NULL,'2020-05-01 00:00:01',NULL),(77,'BLACK & VEATCH','A0077',21,1,'1',NULL,'2020-05-01 00:00:01',NULL),(78,'BLUE AVIONICS','A0078',7,1,'1',NULL,'2020-05-01 00:00:01',NULL),(79,'BLUEWATER','A0079',20,1,'1',NULL,'2020-05-01 00:00:01',NULL),(80,'BMW','A0080',2,1,'1',NULL,'2020-05-01 00:00:01',NULL),(81,'BOEING','A0081',7,1,'1',NULL,'2020-05-01 00:00:01',NULL),(82,'BOMBARDIER TRANSPORTATION','A0082',6,1,'1',NULL,'2020-05-01 00:00:01',NULL),(83,'BORGWARNER','A0083',1,1,'1',NULL,'2020-05-01 00:00:01',NULL),(84,'BOSE CORPORATION','A0084',10,1,'1',NULL,'2020-05-01 00:00:01',NULL),(85,'BRIDGE TECHNOLOGIES','A0085',12,1,'1',NULL,'2020-05-01 00:00:01',NULL),(86,'BRIGGS & STRATTON','A0086',3,1,'1',NULL,'2020-05-01 00:00:01',NULL),(87,'BROOKS AUTOMATION','A0087',11,1,'1',NULL,'2020-05-01 00:00:01',NULL),(88,'BROOKS INSTRUMENTS','A0088',8,1,'1',NULL,'2020-05-01 00:00:01',NULL),(89,'BRUNSWICK','A0089',3,1,'1',NULL,'2020-05-01 00:00:01',NULL),(90,'BUSHNELL','A0090',8,1,'1',NULL,'2020-05-01 00:00:01',NULL),(91,'CALSONIC KANSEI','A0091',1,1,'1',NULL,'2020-05-01 00:00:01',NULL),(92,'CARDINAL','A0092',25,1,'1',NULL,'2020-05-01 00:00:01',NULL),(93,'CARLSBERG','A0093',22,1,'1',NULL,'2020-05-01 00:00:01',NULL),(94,'CARRIERCOMM','A0094',11,1,'1',NULL,'2020-05-01 00:00:01',NULL),(95,'Carry-on trailer','A0095',3,1,'1',NULL,'2020-05-01 00:00:01',NULL),(96,'CATERPILLAR','A0096',3,1,'1',NULL,'2020-05-01 00:00:01',NULL),(97,'CCS','A0097',8,1,'1',NULL,'2020-05-01 00:00:01',NULL),(98,'CHEVRON','A0098',20,1,'1',NULL,'2020-05-01 00:00:01',NULL),(99,'CHIPRIGHT','A0099',12,1,'1',NULL,'2020-05-01 00:00:01',NULL),(100,'CHROMA','A0100',12,1,'1',NULL,'2020-05-01 00:00:01',NULL),(101,'CHRYSLER','A0101',2,1,'1',NULL,'2020-05-01 00:00:01',NULL),(102,'CISCO','A0102',13,1,'1',NULL,'2020-05-01 00:00:01',NULL),(103,'CLARIANT CHEMICALS','A0103',21,1,'1',NULL,'2020-05-01 00:00:01',NULL),(104,'CLEAR CORRECT','A0104',26,1,'1',NULL,'2020-05-01 00:00:01',NULL),(105,'CLOUDBANTER','A0105',10,1,'1',NULL,'2020-05-01 00:00:01',NULL),(106,'CNH','A0106',3,1,'1',NULL,'2020-05-01 00:00:01',NULL),(107,'COCA-COLA','A0107',22,1,'1',NULL,'2020-05-01 00:00:01',NULL),(108,'COLGATE','A0108',22,1,'1',NULL,'2020-05-01 00:00:01',NULL),(109,'COLUMBUS MCKINSON','A0109',11,1,'1',NULL,'2020-05-01 00:00:01',NULL),(110,'COMCAST','A0110',16,1,'1',NULL,'2020-05-01 00:00:01',NULL),(111,'COMMSCOPE','A0111',13,1,'1',NULL,'2020-05-01 00:00:01',NULL),(112,'CONFORMIS','A0112',25,1,'1',NULL,'2020-05-01 00:00:01',NULL),(113,'CONOCOPHILLIPS','A0113',20,1,'1',NULL,'2020-05-01 00:00:01',NULL),(114,'CONTINENTAL AUTOMOTIVE','A0114',1,1,'1',NULL,'2020-05-01 00:00:01',NULL),(115,'CONTINENTAL REIFEN','A0115',1,1,'1',NULL,'2020-05-01 00:00:01',NULL),(116,'COOPERSURGICAL','A0116',25,1,'1',NULL,'2020-05-01 00:00:01',NULL),(117,'COVESTRO - BAYER','A0117',21,1,'1',NULL,'2020-05-01 00:00:01',NULL),(118,'CROWN EQUIPMENT CORP.','A0118',3,1,'1',NULL,'2020-05-01 00:00:01',NULL),(119,'CUMMINS','A0119',1,1,'1',NULL,'2020-05-01 00:00:01',NULL),(120,'CUPERTINO ELECTRIC','A0120',9,1,'1',NULL,'2020-05-01 00:00:01',NULL),(121,'DANAHER','A0121',23,1,'1',NULL,'2020-05-01 00:00:01',NULL),(122,'DANFOSS A/S','A0122',9,1,'1',NULL,'2020-05-01 00:00:01',NULL),(123,'DANONE','A0123',22,1,'1',NULL,'2020-05-01 00:00:01',NULL),(124,'DASSAULT','A0124',27,1,'1',NULL,'2020-05-01 00:00:01',NULL),(125,'DAVESMAN','A0125',3,1,'1',NULL,'2020-05-01 00:00:01',NULL),(126,'DEEPVISION','A0126',12,1,'1',NULL,'2020-05-01 00:00:01',NULL),(127,'DELL INC','A0127',10,1,'1',NULL,'2020-05-01 00:00:01',NULL),(128,'DELPHI','A0128',1,1,'1',NULL,'2020-05-01 00:00:01',NULL),(129,'DELTA AIRLINES','A0129',7,1,'1',NULL,'2020-05-01 00:00:01',NULL),(130,'DELTA ELECTRONICS','A0130',9,1,'1',NULL,'2020-05-01 00:00:01',NULL),(131,'Delta Energy & Communications','A0131',9,1,'1',NULL,'2020-05-01 00:00:01',NULL),(132,'DeVilbiss','A0132',26,1,'1',NULL,'2020-05-01 00:00:01',NULL),(133,'DIBA INDUSTRIES','A0133',26,1,'1',NULL,'2020-05-01 00:00:01',NULL),(134,'DIC Corporation','A0134',21,1,'1',NULL,'2020-05-01 00:00:01',NULL),(135,'DIXIE','A0135',21,1,'1',NULL,'2020-05-01 00:00:01',NULL),(136,'DOLBY LABS','A0136',10,1,'1',NULL,'2020-05-01 00:00:01',NULL),(137,'DOMETIC','A0137',8,1,'1',NULL,'2020-05-01 00:00:01',NULL),(138,'DUNLOP','A0138',7,1,'1',NULL,'2020-05-01 00:00:01',NULL),(139,'DURAVANT','A0139',11,1,'1',NULL,'2020-05-01 00:00:01',NULL),(140,'E3C','A0140',1,1,'1',NULL,'2020-05-01 00:00:01',NULL),(141,'EATON CORPORATION','A0141',9,1,'1',NULL,'2020-05-01 00:00:01',NULL),(142,'ECOSENSE','A0142',8,1,'1',NULL,'2020-05-01 00:00:01',NULL),(143,'EDGE COMPUTE INC','A0143',12,1,'1',NULL,'2020-05-01 00:00:01',NULL),(144,'EDWARDS VACCUM','A0144',11,1,'1',NULL,'2020-05-01 00:00:01',NULL),(145,'EFINIX','A0145',12,1,'1',NULL,'2020-05-01 00:00:01',NULL),(146,'ELEKTA','A0146',24,1,'1',NULL,'2020-05-01 00:00:01',NULL),(147,'ELI LILLY','A0147',26,1,'1',NULL,'2020-05-01 00:00:01',NULL),(148,'ELKAY','A0148',11,1,'1',NULL,'2020-05-01 00:00:01',NULL),(149,'EM MICRO','A0149',12,1,'1',NULL,'2020-05-01 00:00:01',NULL),(150,'EMERSON','A0150',8,1,'1',NULL,'2020-05-01 00:00:01',NULL),(151,'EMPALOGIK','A0151',13,1,'1',NULL,'2020-05-01 00:00:01',NULL),(152,'ENERCON','A0152',9,1,'1',NULL,'2020-05-01 00:00:01',NULL),(153,'ENGINEER AI','A0153',15,1,'1',NULL,'2020-05-01 00:00:01',NULL),(154,'ERICSSON','A0154',13,1,'1',NULL,'2020-05-01 00:00:01',NULL),(155,'ESAB','A0155',11,1,'1',NULL,'2020-05-01 00:00:01',NULL),(156,'ESSAR OIL','A0156',20,1,'1',NULL,'2020-05-01 00:00:01',NULL),(157,'EVEREST KANTO CYLINDER LIMITED','A0157',11,1,'1',NULL,'2020-05-01 00:00:01',NULL),(158,'EVOQUA WATER TECHNOLOGIES','A0158',11,1,'1',NULL,'2020-05-01 00:00:01',NULL),(159,'EXACTECH','A0159',25,1,'1',NULL,'2020-05-01 00:00:01',NULL),(160,'EXTERRAN','A0160',20,1,'1',NULL,'2020-05-01 00:00:01',NULL),(161,'EXXON MOBIL','A0161',20,1,'1',NULL,'2020-05-01 00:00:01',NULL),(162,'Facebook','A0162',27,1,'1',NULL,'2020-05-01 00:00:01',NULL),(163,'Faraday Technology Corp','A0163',12,1,'1',NULL,'2020-05-01 00:00:01',NULL),(164,'FBD','A0164',8,1,'1',NULL,'2020-05-01 00:00:01',NULL),(165,'FCL TECH, INC','A0165',27,1,'1',NULL,'2020-05-01 00:00:01',NULL),(166,'FERRERO','A0166',22,1,'1',NULL,'2020-05-01 00:00:01',NULL),(167,'FEV','A0167',1,1,'1',NULL,'2020-05-01 00:00:01',NULL),(168,'FIRMENICH','A0168',22,1,'1',NULL,'2020-05-01 00:00:01',NULL),(169,'FLEXNGATE','A0169',1,1,'1',NULL,'2020-05-01 00:00:01',NULL),(170,'FLEXTRONICS','A0170',26,1,'1',NULL,'2020-05-01 00:00:01',NULL),(171,'FLSMIDTH','A0171',11,1,'1',NULL,'2020-05-01 00:00:01',NULL),(172,'FOCAL POINT LLC','A0172',8,1,'1',NULL,'2020-05-01 00:00:01',NULL),(173,'FONTERRA','A0173',22,1,'1',NULL,'2020-05-01 00:00:01',NULL),(174,'FORD','A0174',2,1,'1',NULL,'2020-05-01 00:00:01',NULL),(175,'FORTIVE','A0175',8,1,'1',NULL,'2020-05-01 00:00:01',NULL),(176,'FORZA SILICON','A0176',12,1,'1',NULL,'2020-05-01 00:00:01',NULL),(177,'FREESCALE','A0177',12,1,'1',NULL,'2020-05-01 00:00:01',NULL),(178,'FRESENIUS','A0178',26,1,'1',NULL,'2020-05-01 00:00:01',NULL),(179,'FURUKAWA','A0179',3,1,'1',NULL,'2020-05-01 00:00:01',NULL),(180,'G2 SYSTEM DESIGN','A0180',7,1,'1',NULL,'2020-05-01 00:00:01',NULL),(181,'GARDNER DENVER','A0181',11,1,'1',NULL,'2020-05-01 00:00:01',NULL),(182,'GATES CORPORATION','A0182',11,1,'1',NULL,'2020-05-01 00:00:01',NULL),(183,'GATES FOUNDATION','A0183',11,1,'1',NULL,'2020-05-01 00:00:01',NULL),(184,'GE Aviation','A0184',7,1,'1',NULL,'2020-05-01 00:00:01',NULL),(185,'GE HEALTHCARE','A0185',26,1,'1',NULL,'2020-05-01 00:00:01',NULL),(186,'GENERAL ELECTRIC','A0186',11,1,'1',NULL,'2020-05-01 00:00:01',NULL),(187,'GENERAL MILLS','A0187',22,1,'1',NULL,'2020-05-01 00:00:01',NULL),(188,'GEORG FISCHER','A0188',8,1,'1',NULL,'2020-05-01 00:00:01',NULL),(189,'GERARD LIGHTING','A0189',8,1,'1',NULL,'2020-05-01 00:00:01',NULL),(190,'GHCL','A0190',21,1,'1',NULL,'2020-05-01 00:00:01',NULL),(191,'GLAXO','A0191',22,1,'1',NULL,'2020-05-01 00:00:01',NULL),(192,'GLOBALFOUNDARIES','A0192',12,1,'1',NULL,'2020-05-01 00:00:01',NULL),(193,'Globalfoundries Engineering Private Limited','A0193',12,1,'1',NULL,'2020-05-01 00:00:01',NULL),(194,'GUJARAT FLUOROCHEMICALS','A0194',21,1,'1',NULL,'2020-05-01 00:00:01',NULL),(195,'HALLIBURTON','A0195',11,1,'1',NULL,'2020-05-01 00:00:01',NULL),(196,'HARCOSEMCO','A0196',7,1,'1',NULL,'2020-05-01 00:00:01',NULL),(197,'HARLEY DAVIDSON','A0197',3,1,'1',NULL,'2020-05-01 00:00:01',NULL),(198,'HARSCO RAIL','A0198',6,1,'1',NULL,'2020-05-01 00:00:01',NULL),(199,'HASBRO','A0199',11,1,'1',NULL,'2020-05-01 00:00:01',NULL),(200,'HATSUN AGRO PRODUCT','A0200',22,1,'1',NULL,'2020-05-01 00:00:01',NULL),(201,'HAYWARD INDUSTRIES','A0201',11,1,'1',NULL,'2020-05-01 00:00:01',NULL),(202,'HENKEL','A0202',22,1,'1',NULL,'2020-05-01 00:00:01',NULL),(203,'HERITAGE FOODS','A0203',22,1,'1',NULL,'2020-05-01 00:00:01',NULL),(204,'HESS','A0204',20,1,'1',NULL,'2020-05-01 00:00:01',NULL),(205,'HILL-ROM','A0205',25,1,'1',NULL,'2020-05-01 00:00:01',NULL),(206,'HINDUSTAN AERONAUTICS LIMITED','A0206',7,1,'1',NULL,'2020-05-01 00:00:01',NULL),(207,'HITACHI RAIL','A0207',6,1,'1',NULL,'2020-05-01 00:00:01',NULL),(208,'HOGY','A0208',25,1,'1',NULL,'2020-05-01 00:00:01',NULL),(209,'HONDA','A0209',2,1,'1',NULL,'2020-05-01 00:00:01',NULL),(210,'Honeywell Technology solutions','A0210',10,1,'1',NULL,'2020-05-01 00:00:01',NULL),(211,'HORIBA','A0211',11,1,'1',NULL,'2020-05-01 00:00:01',NULL),(212,'HUAWEI','A0212',13,1,'1',NULL,'2020-05-01 00:00:01',NULL),(213,'HUBBELL','A0213',9,1,'1',NULL,'2020-05-01 00:00:01',NULL),(214,'HUNTSMAN CORPORATION','A0214',21,1,'1',NULL,'2020-05-01 00:00:01',NULL),(215,'HUSQVARNA','A0215',11,1,'1',NULL,'2020-05-01 00:00:01',NULL),(216,'HYSTER YALE','A0216',3,1,'1',NULL,'2020-05-01 00:00:01',NULL),(217,'HYUNDAI ROTEM','A0217',7,1,'1',NULL,'2020-05-01 00:00:01',NULL),(218,'HYVA','A0218',3,1,'1',NULL,'2020-05-01 00:00:01',NULL),(219,'IAV','A0219',2,1,'1',NULL,'2020-05-01 00:00:01',NULL),(220,'IMEX','A0220',22,1,'1',NULL,'2020-05-01 00:00:01',NULL),(221,'INACTIVE','A0221',5,1,'1',NULL,'2020-05-01 00:00:01',NULL),(222,'INEOS','A0222',21,1,'1',NULL,'2020-05-01 00:00:01',NULL),(223,'INFINEON TECHNOLOGIES','A0223',12,1,'1',NULL,'2020-05-01 00:00:01',NULL),(224,'INGERSOLL RAND','A0224',8,1,'1',NULL,'2020-05-01 00:00:01',NULL),(225,'INPHI','A0225',12,1,'1',NULL,'2020-05-01 00:00:01',NULL),(226,'INTEL','A0226',14,1,'1',NULL,'2020-05-01 00:00:01',NULL),(227,'IRON PUMP','A0227',11,1,'1',NULL,'2020-05-01 00:00:01',NULL),(228,'ITC','A0228',22,1,'1',NULL,'2020-05-01 00:00:01',NULL),(229,'ITER','A0229',9,1,'1',NULL,'2020-05-01 00:00:01',NULL),(230,'ITT','A0230',11,1,'1',NULL,'2020-05-01 00:00:01',NULL),(231,'ITW','A0231',11,1,'1',NULL,'2020-05-01 00:00:01',NULL),(232,'JARP','A0232',3,1,'1',NULL,'2020-05-01 00:00:01',NULL),(233,'JEDI','A0233',26,1,'1',NULL,'2020-05-01 00:00:01',NULL),(234,'JOHN DEERE','A0234',3,1,'1',NULL,'2020-05-01 00:00:01',NULL),(235,'Johnson & Johnson','A0235',25,1,'1',NULL,'2020-05-01 00:00:01',NULL),(236,'JOHNSON CONTROLS','A0236',1,1,'1',NULL,'2020-05-01 00:00:01',NULL),(237,'JOTUN','A0237',22,1,'1',NULL,'2020-05-01 00:00:01',NULL),(238,'JUBILANT LIFE SCIENCES','A0238',21,1,'1',NULL,'2020-05-01 00:00:01',NULL),(239,'JUNIPER NETWORKS','A0239',13,1,'1',NULL,'2020-05-01 00:00:01',NULL),(240,'JUNNENG CHEMICALS','A0240',21,1,'1',NULL,'2020-05-01 00:00:01',NULL),(241,'JVIS','A0241',1,1,'1',NULL,'2020-05-01 00:00:01',NULL),(242,'KARMA AUTOMOTIVE','A0242',2,1,'1',NULL,'2020-05-01 00:00:01',NULL),(243,'KATERRA','A0243',8,1,'1',NULL,'2020-05-01 00:00:01',NULL),(244,'KEPPEL','A0244',8,1,'1',NULL,'2020-05-01 00:00:01',NULL),(245,'KEY TECHNOLOGY','A0245',11,1,'1',NULL,'2020-05-01 00:00:01',NULL),(246,'KIEWIT POWER','A0246',21,1,'1',NULL,'2020-05-01 00:00:01',NULL),(247,'KIMBALL ELECTRONICS','A0247',9,1,'1',NULL,'2020-05-01 00:00:01',NULL),(248,'KK WIND','A0248',9,1,'1',NULL,'2020-05-01 00:00:01',NULL),(249,'KOBELCO','A0249',3,1,'1',NULL,'2020-05-01 00:00:01',NULL),(250,'KOMATSU','A0250',3,1,'1',NULL,'2020-05-01 00:00:01',NULL),(251,'KONECRANES','A0251',3,1,'1',NULL,'2020-05-01 00:00:01',NULL),(252,'KONTRON','A0252',13,1,'1',NULL,'2020-05-01 00:00:01',NULL),(253,'KUBOTA','A0253',3,1,'1',NULL,'2020-05-01 00:00:01',NULL),(254,'Kyosan','A0254',6,1,'1',NULL,'2020-05-01 00:00:01',NULL),(255,'L&T Construction - Transportat','A0255',22,1,'1',NULL,'2020-05-01 00:00:01',NULL),(256,'L&T CONSTRUCTION EQUIPMENT','A0256',3,1,'1',NULL,'2020-05-01 00:00:01',NULL),(257,'L&T DEFENCE','A0257',7,1,'1',NULL,'2020-05-01 00:00:01',NULL),(258,'L&T EBG','A0258',9,1,'1',NULL,'2020-05-01 00:00:01',NULL),(259,'L&T ECC','A0259',8,1,'1',NULL,'2020-05-01 00:00:01',NULL),(260,'L&T HED','A0260',9,1,'1',NULL,'2020-05-01 00:00:01',NULL),(261,'L&T HYDROCARBON','A0261',20,1,'1',NULL,'2020-05-01 00:00:01',NULL),(262,'L&T METRO RAIL','A0262',6,1,'1',NULL,'2020-05-01 00:00:01',NULL),(263,'L&T POWER','A0263',8,1,'1',NULL,'2020-05-01 00:00:01',NULL),(264,'L&T REALTY','A0264',8,1,'1',NULL,'2020-05-01 00:00:01',NULL),(265,'L&T Shipbuilding','A0265',11,1,'1',NULL,'2020-05-01 00:00:01',NULL),(266,'L&T THALES TECHNOLOGY','A0266',7,1,'1',NULL,'2020-05-01 00:00:01',NULL),(267,'L&T VALVES','A0267',11,1,'1',NULL,'2020-05-01 00:00:01',NULL),(268,'LAERDAL MEDICAL','A0268',24,1,'1',NULL,'2020-05-01 00:00:01',NULL),(269,'LAIRD','A0269',1,1,'1',NULL,'2020-05-01 00:00:01',NULL),(270,'LATELEC','A0270',7,1,'1',NULL,'2020-05-01 00:00:01',NULL),(271,'LEAR CORPORATION','A0271',1,1,'1',NULL,'2020-05-01 00:00:01',NULL),(272,'LEAX','A0272',3,1,'1',NULL,'2020-05-01 00:00:01',NULL),(273,'LEGRAND','A0273',9,1,'1',NULL,'2020-05-01 00:00:01',NULL),(274,'LG SOFT INDIA','A0274',10,1,'1',NULL,'2020-05-01 00:00:01',NULL),(275,'LIEBHERR IP','A0275',8,1,'1',NULL,'2020-05-01 00:00:01',NULL),(276,'LINCOLN ELECTRIC COMPANY, USA','A0276',11,1,'1',NULL,'2020-05-01 00:00:01',NULL),(277,'LIUGONG','A0277',3,1,'1',NULL,'2020-05-01 00:00:01',NULL),(278,'LIVMOR','A0278',26,1,'1',NULL,'2020-05-01 00:00:01',NULL),(279,'LLOYD\'S REGISTER','A0279',20,1,'1',NULL,'2020-05-01 00:00:01',NULL),(280,'LOGITECH','A0280',10,1,'1',NULL,'2020-05-01 00:00:01',NULL),(281,'LOGSTOR','A0281',11,1,'1',NULL,'2020-05-01 00:00:01',NULL),(282,'LONERANGER PRODUCTIONS','A0282',16,1,'1',NULL,'2020-05-01 00:00:01',NULL),(283,'LSI LIGHTING SOLUTIONS','A0283',8,1,'1',NULL,'2020-05-01 00:00:01',NULL),(284,'LUNEWAVE','A0284',1,1,'1',NULL,'2020-05-01 00:00:01',NULL),(285,'LUTRON','A0285',8,1,'1',NULL,'2020-05-01 00:00:01',NULL),(286,'LYONDELL BASELL','A0286',21,1,'1',NULL,'2020-05-01 00:00:01',NULL),(287,'MAC TRAILER','A0287',3,1,'1',NULL,'2020-05-01 00:00:01',NULL),(288,'MAGNA','A0288',1,1,'1',NULL,'2020-05-01 00:00:01',NULL),(289,'MANI','A0289',25,1,'1',NULL,'2020-05-01 00:00:01',NULL),(290,'MANITOU','A0290',3,1,'1',NULL,'2020-05-01 00:00:01',NULL),(291,'ManpowerGroup Services India Pvt Ltd','A0291',12,1,'1',NULL,'2020-05-01 00:00:01',NULL),(292,'MARATHON PETROLEUM','A0292',20,1,'1',NULL,'2020-05-01 00:00:01',NULL),(293,'MARICO','A0293',22,1,'1',NULL,'2020-05-01 00:00:01',NULL),(294,'MARLEN INTERNATIONAL','A0294',11,1,'1',NULL,'2020-05-01 00:00:01',NULL),(295,'MARS','A0295',22,1,'1',NULL,'2020-05-01 00:00:01',NULL),(296,'MASTER LOCK','A0296',8,1,'1',NULL,'2020-05-01 00:00:01',NULL),(297,'McCain Foods','A0297',22,1,'1',NULL,'2020-05-01 00:00:01',NULL),(298,'MEDALLION','A0298',1,1,'1',NULL,'2020-05-01 00:00:01',NULL),(299,'Mediatek','A0299',12,1,'1',NULL,'2020-05-01 00:00:01',NULL),(300,'MEDTRONIC','A0300',25,1,'1',NULL,'2020-05-01 00:00:01',NULL),(301,'MEGGITT','A0301',7,1,'1',NULL,'2020-05-01 00:00:01',NULL),(302,'MERCK','A0302',22,1,'1',NULL,'2020-05-01 00:00:01',NULL),(303,'METTLER-TOLEDO','A0303',26,1,'1',NULL,'2020-05-01 00:00:01',NULL),(304,'MICRON','A0304',12,1,'1',NULL,'2020-05-01 00:00:01',NULL),(305,'Microsoft','A0305',27,1,'1',NULL,'2020-05-01 00:00:01',NULL),(306,'MIDMARK','A0306',25,1,'1',NULL,'2020-05-01 00:00:01',NULL),(307,'MIRASH','A0307',21,1,'1',NULL,'2020-05-01 00:00:01',NULL),(308,'MITSUBISHI','A0308',7,1,'1',NULL,'2020-05-01 00:00:01',NULL),(309,'MOLSON COORS','A0309',22,1,'1',NULL,'2020-05-01 00:00:01',NULL),(310,'MONDELEZ','A0310',22,1,'1',NULL,'2020-05-01 00:00:01',NULL),(311,'MOOG','A0311',26,1,'1',NULL,'2020-05-01 00:00:01',NULL),(312,'MOTOROLA','A0312',10,1,'1',NULL,'2020-05-01 00:00:01',NULL),(313,'MRF LIMITED','A0313',22,1,'1',NULL,'2020-05-01 00:00:01',NULL),(314,'MTS SYSTEMS','A0314',8,1,'1',NULL,'2020-05-01 00:00:01',NULL),(315,'NABTESCO CORPORATION','A0315',6,1,'1',NULL,'2020-05-01 00:00:01',NULL),(316,'NATUS','A0316',24,1,'1',NULL,'2020-05-01 00:00:01',NULL),(317,'NAVISTAR','A0317',3,1,'1',NULL,'2020-05-01 00:00:01',NULL),(318,'NDC','A0318',8,1,'1',NULL,'2020-05-01 00:00:01',NULL),(319,'NESTLE','A0319',22,1,'1',NULL,'2020-05-01 00:00:01',NULL),(320,'NETS NORWAY','A0320',10,1,'1',NULL,'2020-05-01 00:00:01',NULL),(321,'NEWELL BRANDS','A0321',22,1,'1',NULL,'2020-05-01 00:00:01',NULL),(322,'NEWPORT','A0322',11,1,'1',NULL,'2020-05-01 00:00:01',NULL),(323,'NEXTIVITY','A0323',13,1,'1',NULL,'2020-05-01 00:00:01',NULL),(324,'NHP','A0324',9,1,'1',NULL,'2020-05-01 00:00:01',NULL),(325,'NIKKISO','A0325',26,1,'1',NULL,'2020-05-01 00:00:01',NULL),(326,'NILFISK','A0326',11,1,'1',NULL,'2020-05-01 00:00:01',NULL),(327,'NORFOLK','A0327',6,1,'1',NULL,'2020-05-01 00:00:01',NULL),(328,'NOV','A0328',11,1,'1',NULL,'2020-05-01 00:00:01',NULL),(329,'NOVARTIS','A0329',26,1,'1',NULL,'2020-05-01 00:00:01',NULL),(330,'Novatek','A0330',12,1,'1',NULL,'2020-05-01 00:00:01',NULL),(331,'NOVOZYMES SOUTH ASIA','A0331',22,1,'1',NULL,'2020-05-01 00:00:01',NULL),(332,'NVIDIA','A0332',12,1,'1',NULL,'2020-05-01 00:00:01',NULL),(333,'OBERG','A0333',26,1,'1',NULL,'2020-05-01 00:00:01',NULL),(334,'OCEANEERING','A0334',11,1,'1',NULL,'2020-05-01 00:00:01',NULL),(335,'OCULUS VR, LLC','A0335',27,1,'1',NULL,'2020-05-01 00:00:01',NULL),(336,'OG WELLNESS','A0336',26,1,'1',NULL,'2020-05-01 00:00:01',NULL),(337,'OLYMPUS CORPORATION','A0337',25,1,'1',NULL,'2020-05-01 00:00:01',NULL),(338,'OMV','A0338',20,1,'1',NULL,'2020-05-01 00:00:01',NULL),(339,'OPPO','A0339',10,1,'1',NULL,'2020-05-01 00:00:01',NULL),(340,'ORICA','A0340',21,1,'1',NULL,'2020-05-01 00:00:01',NULL),(341,'OSHKOSH','A0341',3,1,'1',NULL,'2020-05-01 00:00:01',NULL),(342,'OSRAM','A0342',8,1,'1',NULL,'2020-05-01 00:00:01',NULL),(343,'OTIS','A0343',8,1,'1',NULL,'2020-05-01 00:00:01',NULL),(344,'P&G','A0344',19,1,'1',NULL,'2020-05-01 00:00:01',NULL),(345,'P3 GmBH','A0345',7,1,'1',NULL,'2020-05-01 00:00:01',NULL),(346,'PALMA','A0346',12,1,'1',NULL,'2020-05-01 00:00:01',NULL),(347,'PANASONIC','A0347',1,1,'1',NULL,'2020-05-01 00:00:01',NULL),(348,'PARKER HANNIFIN','A0348',11,1,'1',NULL,'2020-05-01 00:00:01',NULL),(349,'PEPSICO','A0349',22,1,'1',NULL,'2020-05-01 00:00:01',NULL),(350,'PERMASTEELISA','A0350',22,1,'1',NULL,'2020-05-01 00:00:01',NULL),(351,'PERNOD RICARD','A0351',22,1,'1',NULL,'2020-05-01 00:00:01',NULL),(352,'Petrogas E&P Netherlands BV','A0352',20,1,'1',NULL,'2020-05-01 00:00:01',NULL),(353,'PFIZER','A0353',22,1,'1',NULL,'2020-05-01 00:00:01',NULL),(354,'PHILIP MORRIS','A0354',22,1,'1',NULL,'2020-05-01 00:00:01',NULL),(355,'PHILIPS','A0355',24,1,'1',NULL,'2020-05-01 00:00:01',NULL),(356,'PHILIPS LIGHTING','A0356',8,1,'1',NULL,'2020-05-01 00:00:01',NULL),(357,'PHILOTECH','A0357',7,1,'1',NULL,'2020-05-01 00:00:01',NULL),(358,'PI INDUSTRIES','A0358',21,1,'1',NULL,'2020-05-01 00:00:01',NULL),(359,'PINNACLE CLIMATE','A0359',8,1,'1',NULL,'2020-05-01 00:00:01',NULL),(360,'POLARIS','A0360',3,1,'1',NULL,'2020-05-01 00:00:01',NULL),(361,'POWER PRODUCTS','A0361',3,1,'1',NULL,'2020-05-01 00:00:01',NULL),(362,'PRECISION CABLE ASSEMBLIES','A0362',1,1,'1',NULL,'2020-05-01 00:00:01',NULL),(363,'PRINCE CASTLE INC','A0363',11,1,'1',NULL,'2020-05-01 00:00:01',NULL),(364,'PROTERRA','A0364',3,1,'1',NULL,'2020-05-01 00:00:01',NULL),(365,'PTC Sweden AB','A0365',27,1,'1',NULL,'2020-05-01 00:00:01',NULL),(366,'QUALCOMM','A0366',12,1,'1',NULL,'2020-05-01 00:00:01',NULL),(367,'QUALYS SECURITY','A0367',27,1,'1',NULL,'2020-05-01 00:00:01',NULL),(368,'RADISYS CORPORATION','A0368',13,1,'1',NULL,'2020-05-01 00:00:01',NULL),(369,'RAFAEL MICRO','A0369',12,1,'1',NULL,'2020-05-01 00:00:01',NULL),(370,'RAGN-SELLS','A0370',22,1,'1',NULL,'2020-05-01 00:00:01',NULL),(371,'REC SOLAR','A0371',9,1,'1',NULL,'2020-05-01 00:00:01',NULL),(372,'REGAL BELOIT CORP','A0372',9,1,'1',NULL,'2020-05-01 00:00:01',NULL),(373,'REGALWARE','A0373',11,1,'1',NULL,'2020-05-01 00:00:01',NULL),(374,'RELIANCE','A0374',13,1,'1',NULL,'2020-05-01 00:00:01',NULL),(375,'RENESAS','A0375',8,1,'1',NULL,'2020-05-01 00:00:01',NULL),(376,'RESEARCH PRODUCTS CORPORATION','A0376',8,1,'1',NULL,'2020-05-01 00:00:01',NULL),(377,'ROBERT BOSCH','A0377',1,1,'1',NULL,'2020-05-01 00:00:01',NULL),(378,'Robert Bosch Engineering and Business Solutions Pvt Ltd','A0378',1,1,'1',NULL,'2020-05-01 00:00:01',NULL),(379,'ROCKWELL AUTOMATION','A0379',9,1,'1',NULL,'2020-05-01 00:00:01',NULL),(380,'ROCKWELL COLLINS','A0380',4,1,'1',NULL,'2020-05-01 00:00:01',NULL),(381,'ROLLS-ROYCE','A0381',7,1,'1',NULL,'2020-05-01 00:00:01',NULL),(382,'S&C ELECTRIC','A0382',9,1,'1',NULL,'2020-05-01 00:00:01',NULL),(383,'SABIC','A0383',20,1,'1',NULL,'2020-05-01 00:00:01',NULL),(384,'SAFRAN','A0384',7,1,'1',NULL,'2020-05-01 00:00:01',NULL),(385,'SAINT GOBAIN','A0385',8,1,'1',NULL,'2020-05-01 00:00:01',NULL),(386,'SAJJAN INDUSTRIES','A0386',21,1,'1',NULL,'2020-05-01 00:00:01',NULL),(387,'SAMSUNG','A0387',13,1,'1',NULL,'2020-05-01 00:00:01',NULL),(388,'SANDEN','A0388',1,1,'1',NULL,'2020-05-01 00:00:01',NULL),(389,'SANDISK CORPORATION','A0389',12,1,'1',NULL,'2020-05-01 00:00:01',NULL),(390,'SANIFFER','A0390',12,1,'1',NULL,'2020-05-01 00:00:01',NULL),(391,'SAVOLA','A0391',22,1,'1',NULL,'2020-05-01 00:00:01',NULL),(392,'SCANIA','A0392',3,1,'1',NULL,'2020-05-01 00:00:01',NULL),(393,'SCG CANADA','A0393',12,1,'1',NULL,'2020-05-01 00:00:01',NULL),(394,'SCHINDLER','A0394',8,1,'1',NULL,'2020-05-01 00:00:01',NULL),(395,'Schneider Electric','A0395',9,1,'1',NULL,'2020-05-01 00:00:01',NULL),(396,'SEALED AIR','A0396',11,1,'1',NULL,'2020-05-01 00:00:01',NULL),(397,'SENKO','A0397',24,1,'1',NULL,'2020-05-01 00:00:01',NULL),(398,'SENO MEDICAL','A0398',24,1,'1',NULL,'2020-05-01 00:00:01',NULL),(399,'SENSATA TECHNOLOGIES INC','A0399',9,1,'1',NULL,'2020-05-01 00:00:01',NULL),(400,'SENVION','A0400',9,1,'1',NULL,'2020-05-01 00:00:01',NULL),(401,'SHELL','A0401',20,1,'1',NULL,'2020-05-01 00:00:01',NULL),(402,'SIEMENS','A0402',9,1,'1',NULL,'2020-05-01 00:00:01',NULL),(403,'SIEMENS PLM','A0403',27,1,'1',NULL,'2020-05-01 00:00:01',NULL),(404,'SIERRA WIRELESS','A0404',13,1,'1',NULL,'2020-05-01 00:00:01',NULL),(405,'Silicon Library Inc','A0405',12,1,'1',NULL,'2020-05-01 00:00:01',NULL),(406,'SINFONIA','A0406',11,1,'1',NULL,'2020-05-01 00:00:01',NULL),(407,'SKANRAY','A0407',24,1,'1',NULL,'2020-05-01 00:00:01',NULL),(408,'SLEEP NUMBER','A0408',8,1,'1',NULL,'2020-05-01 00:00:01',NULL),(409,'SMILE COMMUNICATIONS','A0409',13,1,'1',NULL,'2020-05-01 00:00:01',NULL),(410,'SMITHS MEDICAL','A0410',24,1,'1',NULL,'2020-05-01 00:00:01',NULL),(411,'SONIM','A0411',10,1,'1',NULL,'2020-05-01 00:00:01',NULL),(412,'SONY','A0412',10,1,'1',NULL,'2020-05-01 00:00:01',NULL),(413,'SONY PICTURES','A0413',16,1,'1',NULL,'2020-05-01 00:00:01',NULL),(414,'SPACELABS HEALTHCARE','A0414',24,1,'1',NULL,'2020-05-01 00:00:01',NULL),(415,'SPINEFRONTIER','A0415',25,1,'1',NULL,'2020-05-01 00:00:01',NULL),(416,'SPIREON','A0416',15,1,'1',NULL,'2020-05-01 00:00:01',NULL),(417,'SPX','A0417',8,1,'1',NULL,'2020-05-01 00:00:01',NULL),(418,'STANLEY BLACK & DECKER','A0418',11,1,'1',NULL,'2020-05-01 00:00:01',NULL),(419,'STERIS','A0419',25,1,'1',NULL,'2020-05-01 00:00:01',NULL),(420,'STORART','A0420',12,1,'1',NULL,'2020-05-01 00:00:01',NULL),(421,'STRATTEC SECURITY CORPORATION','A0421',1,1,'1',NULL,'2020-05-01 00:00:01',NULL),(422,'SULZER','A0422',11,1,'1',NULL,'2020-05-01 00:00:01',NULL),(423,'SUNPLUS','A0423',12,1,'1',NULL,'2020-05-01 00:00:01',NULL),(424,'SWIFT NAVIGATION','A0424',10,1,'1',NULL,'2020-05-01 00:00:01',NULL),(425,'SYMPHONY','A0425',27,1,'1',NULL,'2020-05-01 00:00:01',NULL),(426,'SYNAMEDIA','A0426',17,1,'1',NULL,'2020-05-01 00:00:01',NULL),(427,'TAKATA','A0427',1,1,'1',NULL,'2020-05-01 00:00:01',NULL),(428,'Tarana Wireless','A0428',12,1,'1',NULL,'2020-05-01 00:00:01',NULL),(429,'TATA MOTORS','A0429',3,1,'1',NULL,'2020-05-01 00:00:01',NULL),(430,'TAYLOR','A0430',8,1,'1',NULL,'2020-05-01 00:00:01',NULL),(431,'TECHNICOLOR','A0431',15,1,'1',NULL,'2020-05-01 00:00:01',NULL),(432,'Teledyne','A0432',8,1,'1',NULL,'2020-05-01 00:00:01',NULL),(433,'TENNANT','A0433',3,1,'1',NULL,'2020-05-01 00:00:01',NULL),(434,'TENNECO','A0434',1,1,'1',NULL,'2020-05-01 00:00:01',NULL),(435,'TESLA','A0435',2,1,'1',NULL,'2020-05-01 00:00:01',NULL),(436,'TETRA PAK','A0436',11,1,'1',NULL,'2020-05-01 00:00:01',NULL),(437,'TEXAS INSTRUMENTS','A0437',12,1,'1',NULL,'2020-05-01 00:00:01',NULL),(438,'THALES','A0438',5,1,'1',NULL,'2020-05-01 00:00:01',NULL),(439,'THE GOODYEAR TIRE & RUBBER COM','A0439',3,1,'1',NULL,'2020-05-01 00:00:01',NULL),(440,'TOKAI RIKA','A0440',1,1,'1',NULL,'2020-05-01 00:00:01',NULL),(441,'TOKYO RADIATOR','A0441',3,1,'1',NULL,'2020-05-01 00:00:01',NULL),(442,'TOSAF','A0442',11,1,'1',NULL,'2020-05-01 00:00:01',NULL),(443,'TOTAL','A0443',20,1,'1',NULL,'2020-05-01 00:00:01',NULL),(444,'TOYODA GOSEI','A0444',1,1,'1',NULL,'2020-05-01 00:00:01',NULL),(445,'TRANSOCEAN','A0445',11,1,'1',NULL,'2020-05-01 00:00:01',NULL),(446,'TRIMBLE','A0446',8,1,'1',NULL,'2020-05-01 00:00:01',NULL),(447,'TRITIUM PTY LTD','A0447',11,1,'1',NULL,'2020-05-01 00:00:01',NULL),(448,'Triton','A0448',3,1,'1',NULL,'2020-05-01 00:00:01',NULL),(449,'ULTRATECH CEMENT','A0449',22,1,'1',NULL,'2020-05-01 00:00:01',NULL),(450,'Understand AI','A0450',1,1,'1',NULL,'2020-05-01 00:00:01',NULL),(451,'UNILEVER','A0451',22,1,'1',NULL,'2020-05-01 00:00:01',NULL),(452,'UNIPOWER','A0452',9,1,'1',NULL,'2020-05-01 00:00:01',NULL),(453,'UNITY','A0453',11,1,'1',NULL,'2020-05-01 00:00:01',NULL),(454,'UPL','A0454',22,1,'1',NULL,'2020-05-01 00:00:01',NULL),(455,'US GYPSUM','A0455',21,1,'1',NULL,'2020-05-01 00:00:01',NULL),(456,'USPI','A0456',20,1,'1',NULL,'2020-05-01 00:00:01',NULL),(457,'UTAS','A0457',4,1,'1',NULL,'2020-05-01 00:00:01',NULL),(458,'UTC','A0458',4,1,'1',NULL,'2020-05-01 00:00:01',NULL),(459,'VALEO','A0459',1,1,'1',NULL,'2020-05-01 00:00:01',NULL),(460,'VANDANA','A0460',22,1,'1',NULL,'2020-05-01 00:00:01',NULL),(461,'Vanderlande','A0461',11,1,'1',NULL,'2020-05-01 00:00:01',NULL),(462,'VARROC LIGHTING','A0462',1,1,'1',NULL,'2020-05-01 00:00:01',NULL),(463,'VDL STEELWELD','A0463',1,1,'1',NULL,'2020-05-01 00:00:01',NULL),(464,'VECTOR INFORMATIK','A0464',1,1,'1',NULL,'2020-05-01 00:00:01',NULL),(465,'VEDANTA','A0465',21,1,'1',NULL,'2020-05-01 00:00:01',NULL),(466,'VELUX','A0466',8,1,'1',NULL,'2020-05-01 00:00:01',NULL),(467,'Ventus Networks','A0467',13,1,'1',NULL,'2020-05-01 00:00:01',NULL),(468,'VEONEER','A0468',1,1,'1',NULL,'2020-05-01 00:00:01',NULL),(469,'VERMILLION ENERGY','A0469',20,1,'1',NULL,'2020-05-01 00:00:01',NULL),(470,'VESTAS','A0470',9,1,'1',NULL,'2020-05-01 00:00:01',NULL),(471,'VIA TECHNOLOGIES','A0471',12,1,'1',NULL,'2020-05-01 00:00:01',NULL),(472,'VIAVI SOLUTIONS INC','A0472',13,1,'1',NULL,'2020-05-01 00:00:01',NULL),(473,'VISTEON','A0473',1,1,'1',NULL,'2020-05-01 00:00:01',NULL),(474,'VITAMIX','A0474',11,1,'1',NULL,'2020-05-01 00:00:01',NULL),(475,'VOLKSWAGEN','A0475',2,1,'1',NULL,'2020-05-01 00:00:01',NULL),(476,'VOLLRATH','A0476',11,1,'1',NULL,'2020-05-01 00:00:01',NULL),(477,'VOLVO','A0477',2,1,'1',NULL,'2020-05-01 00:00:01',NULL),(478,'VOXX','A0478',1,1,'1',NULL,'2020-05-01 00:00:01',NULL),(479,'WABTEC CORPORATION','A0479',6,1,'1',NULL,'2020-05-01 00:00:01',NULL),(480,'WARTSILA','A0480',9,1,'1',NULL,'2020-05-01 00:00:01',NULL),(481,'WATKINS WELLNESS','A0481',11,1,'1',NULL,'2020-05-01 00:00:01',NULL),(482,'WAUSAU','A0482',3,1,'1',NULL,'2020-05-01 00:00:01',NULL),(483,'WEATHERFORD','A0483',11,1,'1',NULL,'2020-05-01 00:00:01',NULL),(484,'WESTLAKE','A0484',21,1,'1',NULL,'2020-05-01 00:00:01',NULL),(485,'WHIRLPOOL','A0485',11,1,'1',NULL,'2020-05-01 00:00:01',NULL),(486,'WILMAR','A0486',22,1,'1',NULL,'2020-05-01 00:00:01',NULL),(487,'WINNEBAGO','A0487',3,1,'1',NULL,'2020-05-01 00:00:01',NULL),(488,'WYPLAY','A0488',15,1,'1',NULL,'2020-05-01 00:00:01',NULL),(489,'XCMG','A0489',3,1,'1',NULL,'2020-05-01 00:00:01',NULL),(490,'XEROX','A0490',11,1,'1',NULL,'2020-05-01 00:00:01',NULL),(491,'XIMEDICA','A0491',26,1,'1',NULL,'2020-05-01 00:00:01',NULL),(492,'XYLEM','A0492',11,1,'1',NULL,'2020-05-01 00:00:01',NULL),(493,'YAMADA','A0493',11,1,'1',NULL,'2020-05-01 00:00:01',NULL),(494,'YANGFENG','A0494',1,1,'1',NULL,'2020-05-01 00:00:01',NULL),(495,'YAZAKI','A0495',1,1,'1',NULL,'2020-05-01 00:00:01',NULL),(496,'YEESTOR MICROELECTRONICS','A0496',12,1,'1',NULL,'2020-05-01 00:00:01',NULL),(497,'YKK','A0497',22,1,'1',NULL,'2020-05-01 00:00:01',NULL),(498,'YOKOGAWA','A0498',8,1,'1',NULL,'2020-05-01 00:00:01',NULL),(499,'ZEE','A0499',16,1,'1',NULL,'2020-05-01 00:00:01',NULL),(500,'ZODIAC AEROSPACE','A0500',7,1,'1',NULL,'2020-05-01 00:00:01',NULL),(501,'ZOOX','A0501',2,1,'1',NULL,'2020-05-01 00:00:01',NULL),(502,'ZURN','A0502',8,1,'1',NULL,'2020-05-01 00:00:01',NULL),(503,'SC Johnson','A0503',21,1,'1',NULL,'2020-05-01 00:00:01',NULL);
/*!40000 ALTER TABLE `account` ENABLE KEYS */;
UNLOCK TABLES;

--
-- Table structure for table `billing_legal_entity`
--

DROP TABLE IF EXISTS `billing_legal_entity`;
/*!40101 SET @saved_cs_client     = @@character_set_client */;
 SET character_set_client = utf8mb4 ;
CREATE TABLE `billing_legal_entity` (
  `id` int NOT NULL AUTO_INCREMENT COMMENT 'Billing Legal Entity - Auto increment',
  `name` varchar(45) DEFAULT NULL COMMENT 'Billing Legal Entity Name',
  `is_active` tinyint(1) NOT NULL DEFAULT '1' COMMENT 'Is Active field',
  `created_by` int NOT NULL COMMENT 'Created by - PS number',
  `modified_by` int DEFAULT NULL COMMENT 'Modified By - PS number',
  `created` datetime NOT NULL COMMENT 'Created Date & Time',
  `modified` datetime DEFAULT NULL COMMENT 'Modified Date & Time',
  PRIMARY KEY (`id`),
  UNIQUE KEY `id_UNIQUE` (`id`)
) ENGINE=InnoDB AUTO_INCREMENT=5 DEFAULT CHARSET=utf32;
/*!40101 SET character_set_client = @saved_cs_client */;

--
-- Dumping data for table `billing_legal_entity`
--

LOCK TABLES `billing_legal_entity` WRITE;
/*!40000 ALTER TABLE `billing_legal_entity` DISABLE KEYS */;
INSERT INTO `billing_legal_entity` VALUES (1,'LTTS',1,1,NULL,'2020-05-01 00:00:01',NULL),(2,'L&T Thales TS',1,1,NULL,'2020-05-01 00:00:01',NULL),(3,'LTTS LLC',1,1,NULL,'2020-05-01 00:00:01',NULL),(4,'Esencia',1,1,NULL,'2020-05-01 00:00:01',NULL);
/*!40000 ALTER TABLE `billing_legal_entity` ENABLE KEYS */;
UNLOCK TABLES;

--
-- Table structure for table `budget`
--

DROP TABLE IF EXISTS `budget`;
/*!40101 SET @saved_cs_client     = @@character_set_client */;
 SET character_set_client = utf8mb4 ;
CREATE TABLE `budget` (
  `id` int NOT NULL AUTO_INCREMENT COMMENT 'Budget ID',
  `billing_legal_entity_id` int NOT NULL COMMENT 'Billing Legal Entity ID - linking to Billing legal Entity table',
  `account_id` int NOT NULL COMMENT 'Account ID - to link Account Table',
  `is_new` tinyint(1) NOT NULL DEFAULT '0' COMMENT 'Is this new Account?',
  `description` varchar(1000) DEFAULT NULL COMMENT 'Description',
  `revenue_classification` enum('CONTRACTED','PIPELINE','TOFIND') NOT NULL COMMENT 'Revenue Classification',
  `type` enum('FP','T&M') NOT NULL COMMENT 'Type of engagement',
  `sales_region_id` int NOT NULL COMMENT 'Sales Region ID - to link Sales Region ID table',
  `is_ip_led_revenue` tinyint(1) DEFAULT NULL COMMENT 'Is IP Led Revenue ?',
  `is_active` tinyint(1) NOT NULL DEFAULT '1' COMMENT 'Is Active',
  `created_by` varchar(45) NOT NULL COMMENT 'Created By - PS Number',
  `modified_by` varchar(45) DEFAULT NULL COMMENT 'Modified By - PS number',
  `created` datetime NOT NULL COMMENT 'Created Data & Time',
  `modified` datetime DEFAULT NULL COMMENT 'Modified Date & Time',
  PRIMARY KEY (`id`),
  UNIQUE KEY `id_UNIQUE` (`id`),
  KEY `FK_budget_billing_legal_entity_id_idx` (`billing_legal_entity_id`),
  KEY `FK_budget_account_id_idx` (`account_id`),
  KEY `FK_budget_sales_region_id_idx` (`sales_region_id`),
  CONSTRAINT `FK_budget_account_id` FOREIGN KEY (`account_id`) REFERENCES `account` (`id`),
  CONSTRAINT `FK_budget_billing_legal_entity_id` FOREIGN KEY (`billing_legal_entity_id`) REFERENCES `billing_legal_entity` (`id`),
  CONSTRAINT `FK_budget_sales_region_id` FOREIGN KEY (`sales_region_id`) REFERENCES `sales_region` (`id`)
) ENGINE=InnoDB DEFAULT CHARSET=utf32;
/*!40101 SET character_set_client = @saved_cs_client */;

--
-- Dumping data for table `budget`
--

LOCK TABLES `budget` WRITE;
/*!40000 ALTER TABLE `budget` DISABLE KEYS */;
/*!40000 ALTER TABLE `budget` ENABLE KEYS */;
UNLOCK TABLES;

--
-- Table structure for table `country`
--

DROP TABLE IF EXISTS `country`;
/*!40101 SET @saved_cs_client     = @@character_set_client */;
 SET character_set_client = utf8mb4 ;
CREATE TABLE `country` (
  `id` int NOT NULL AUTO_INCREMENT COMMENT 'Country ID - Auto Increment ',
  `region_id` int NOT NULL COMMENT 'Region ID - id to link region table',
  `name` varchar(45) NOT NULL COMMENT 'Country Name',
  `is_active` tinyint(1) NOT NULL DEFAULT '1' COMMENT 'Is Active',
  `created_by` varchar(45) NOT NULL COMMENT 'Created By - PS Number',
  `modified_by` varchar(45) DEFAULT NULL COMMENT 'Modified By - PS number',
  `created` datetime NOT NULL COMMENT 'Created Data & Time',
  `modified` datetime DEFAULT NULL COMMENT 'Modified Date & Time',
  PRIMARY KEY (`id`),
  KEY `FK_region_id_idx` (`region_id`),
  CONSTRAINT `FK_country_region_id` FOREIGN KEY (`region_id`) REFERENCES `region` (`id`)
) ENGINE=InnoDB AUTO_INCREMENT=245 DEFAULT CHARSET=utf32;
/*!40101 SET character_set_client = @saved_cs_client */;

--
-- Dumping data for table `country`
--

LOCK TABLES `country` WRITE;
/*!40000 ALTER TABLE `country` DISABLE KEYS */;
INSERT INTO `country` VALUES (1,1,'Afghanistan',1,'1',NULL,'2020-05-01 00:00:01',NULL),(2,1,'Algeria',1,'1',NULL,'2020-05-01 00:00:01',NULL),(3,1,'Amer.Virgin Is.',1,'1',NULL,'2020-05-01 00:00:01',NULL),(4,4,'Andorra',1,'1',NULL,'2020-05-01 00:00:01',NULL),(5,1,'Angola',1,'1',NULL,'2020-05-01 00:00:01',NULL),(6,1,'Anguilla',1,'1',NULL,'2020-05-01 00:00:01',NULL),(7,1,'Antarctica',1,'1',NULL,'2020-05-01 00:00:01',NULL),(8,1,'Antigua/Barbuda',1,'1',NULL,'2020-05-01 00:00:01',NULL),(9,1,'Argentina',1,'1',NULL,'2020-05-01 00:00:01',NULL),(10,1,'Armenia',1,'1',NULL,'2020-05-01 00:00:01',NULL),(11,1,'Aruba',1,'1',NULL,'2020-05-01 00:00:01',NULL),(12,1,'Australia',1,'1',NULL,'2020-05-01 00:00:01',NULL),(13,4,'Austria',1,'1',NULL,'2020-05-01 00:00:01',NULL),(14,1,'Azerbaijan',1,'1',NULL,'2020-05-01 00:00:01',NULL),(15,1,'Bahamas',1,'1',NULL,'2020-05-01 00:00:01',NULL),(16,1,'Bahrain',1,'1',NULL,'2020-05-01 00:00:01',NULL),(17,1,'Bangladesh',1,'1',NULL,'2020-05-01 00:00:01',NULL),(18,1,'Barbados',1,'1',NULL,'2020-05-01 00:00:01',NULL),(19,4,'Belarus',1,'1',NULL,'2020-05-01 00:00:01',NULL),(20,4,'Belgium',1,'1',NULL,'2020-05-01 00:00:01',NULL),(21,1,'Belize',1,'1',NULL,'2020-05-01 00:00:01',NULL),(22,1,'Benin',1,'1',NULL,'2020-05-01 00:00:01',NULL),(23,1,'Bermuda',1,'1',NULL,'2020-05-01 00:00:01',NULL),(24,1,'Bhutan',1,'1',NULL,'2020-05-01 00:00:01',NULL),(25,1,'Blue',1,'1',NULL,'2020-05-01 00:00:01',NULL),(26,1,'Bolivia',1,'1',NULL,'2020-05-01 00:00:01',NULL),(27,4,'Bosnia-Herz.',1,'1',NULL,'2020-05-01 00:00:01',NULL),(28,1,'Botswana',1,'1',NULL,'2020-05-01 00:00:01',NULL),(29,1,'Bouvet Islands',1,'1',NULL,'2020-05-01 00:00:01',NULL),(30,1,'Brazil',1,'1',NULL,'2020-05-01 00:00:01',NULL),(31,1,'Brit.Ind.Oc.Ter',1,'1',NULL,'2020-05-01 00:00:01',NULL),(32,1,'Brit.Virgin Is.',1,'1',NULL,'2020-05-01 00:00:01',NULL),(33,1,'Brunei Daruss.',1,'1',NULL,'2020-05-01 00:00:01',NULL),(34,4,'Bulgaria',1,'1',NULL,'2020-05-01 00:00:01',NULL),(35,1,'Burkina Faso',1,'1',NULL,'2020-05-01 00:00:01',NULL),(36,1,'Burma',1,'1',NULL,'2020-05-01 00:00:01',NULL),(37,1,'Burundi',1,'1',NULL,'2020-05-01 00:00:01',NULL),(38,1,'Cambodia',1,'1',NULL,'2020-05-01 00:00:01',NULL),(39,1,'Cameroon',1,'1',NULL,'2020-05-01 00:00:01',NULL),(40,3,'Canada',1,'1',NULL,'2020-05-01 00:00:01',NULL),(41,1,'Cape Verde',1,'1',NULL,'2020-05-01 00:00:01',NULL),(42,1,'CAR',1,'1',NULL,'2020-05-01 00:00:01',NULL),(43,1,'Cayman Islands',1,'1',NULL,'2020-05-01 00:00:01',NULL),(44,1,'Chad',1,'1',NULL,'2020-05-01 00:00:01',NULL),(45,1,'Chile',1,'1',NULL,'2020-05-01 00:00:01',NULL),(46,1,'China',1,'1',NULL,'2020-05-01 00:00:01',NULL),(47,1,'Christmas Islnd',1,'1',NULL,'2020-05-01 00:00:01',NULL),(48,1,'Coconut Islands',1,'1',NULL,'2020-05-01 00:00:01',NULL),(49,1,'Colombia',1,'1',NULL,'2020-05-01 00:00:01',NULL),(50,1,'Comoros',1,'1',NULL,'2020-05-01 00:00:01',NULL),(51,1,'Cook Islands',1,'1',NULL,'2020-05-01 00:00:01',NULL),(52,1,'Costa Rica',1,'1',NULL,'2020-05-01 00:00:01',NULL),(53,1,'Cote d\'Ivoire',1,'1',NULL,'2020-05-01 00:00:01',NULL),(54,4,'Croatia',1,'1',NULL,'2020-05-01 00:00:01',NULL),(55,1,'Cuba',1,'1',NULL,'2020-05-01 00:00:01',NULL),(56,1,'Cyprus',1,'1',NULL,'2020-05-01 00:00:01',NULL),(57,4,'Czech Republic',1,'1',NULL,'2020-05-01 00:00:01',NULL),(58,1,'Dem. Rep. Congo',1,'1',NULL,'2020-05-01 00:00:01',NULL),(59,4,'Denmark',1,'1',NULL,'2020-05-01 00:00:01',NULL),(60,1,'Djibouti',1,'1',NULL,'2020-05-01 00:00:01',NULL),(61,1,'Dominica',1,'1',NULL,'2020-05-01 00:00:01',NULL),(62,1,'Dominican Rep.',1,'1',NULL,'2020-05-01 00:00:01',NULL),(63,1,'Dutch Antilles',1,'1',NULL,'2020-05-01 00:00:01',NULL),(64,1,'East Timor',1,'1',NULL,'2020-05-01 00:00:01',NULL),(65,1,'East Timor',1,'1',NULL,'2020-05-01 00:00:01',NULL),(66,1,'Ecuador',1,'1',NULL,'2020-05-01 00:00:01',NULL),(67,1,'Egypt',1,'1',NULL,'2020-05-01 00:00:01',NULL),(68,1,'El Salvador',1,'1',NULL,'2020-05-01 00:00:01',NULL),(69,1,'Equatorial Guin',1,'1',NULL,'2020-05-01 00:00:01',NULL),(70,1,'Eritrea',1,'1',NULL,'2020-05-01 00:00:01',NULL),(71,4,'Estonia',1,'1',NULL,'2020-05-01 00:00:01',NULL),(72,1,'Ethiopia',1,'1',NULL,'2020-05-01 00:00:01',NULL),(73,4,'European Union',1,'1',NULL,'2020-05-01 00:00:01',NULL),(74,1,'Falkland Islnds',1,'1',NULL,'2020-05-01 00:00:01',NULL),(75,1,'Faroe Islands',1,'1',NULL,'2020-05-01 00:00:01',NULL),(76,1,'Fiji',1,'1',NULL,'2020-05-01 00:00:01',NULL),(77,4,'Finland',1,'1',NULL,'2020-05-01 00:00:01',NULL),(78,4,'France',1,'1',NULL,'2020-05-01 00:00:01',NULL),(79,1,'Frenc.Polynesia',1,'1',NULL,'2020-05-01 00:00:01',NULL),(80,1,'French Guayana',1,'1',NULL,'2020-05-01 00:00:01',NULL),(81,1,'French S.Territ',1,'1',NULL,'2020-05-01 00:00:01',NULL),(82,1,'Gabon',1,'1',NULL,'2020-05-01 00:00:01',NULL),(83,1,'Gambia',1,'1',NULL,'2020-05-01 00:00:01',NULL),(84,1,'Georgia',1,'1',NULL,'2020-05-01 00:00:01',NULL),(85,4,'Germany',1,'1',NULL,'2020-05-01 00:00:01',NULL),(86,1,'Ghana',1,'1',NULL,'2020-05-01 00:00:01',NULL),(87,4,'Gibraltar',1,'1',NULL,'2020-05-01 00:00:01',NULL),(88,4,'Greece',1,'1',NULL,'2020-05-01 00:00:01',NULL),(89,1,'Greenland',1,'1',NULL,'2020-05-01 00:00:01',NULL),(90,1,'Grenada',1,'1',NULL,'2020-05-01 00:00:01',NULL),(91,1,'Guadeloupe',1,'1',NULL,'2020-05-01 00:00:01',NULL),(92,1,'Guam',1,'1',NULL,'2020-05-01 00:00:01',NULL),(93,1,'Guatemala',1,'1',NULL,'2020-05-01 00:00:01',NULL),(94,1,'Guinea',1,'1',NULL,'2020-05-01 00:00:01',NULL),(95,1,'Guinea-Bissau',1,'1',NULL,'2020-05-01 00:00:01',NULL),(96,1,'Guyana',1,'1',NULL,'2020-05-01 00:00:01',NULL),(97,1,'Haiti',1,'1',NULL,'2020-05-01 00:00:01',NULL),(98,1,'Heard/McDon.Isl',1,'1',NULL,'2020-05-01 00:00:01',NULL),(99,1,'Honduras',1,'1',NULL,'2020-05-01 00:00:01',NULL),(100,1,'Hong Kong',1,'1',NULL,'2020-05-01 00:00:01',NULL),(101,4,'Hungary',1,'1',NULL,'2020-05-01 00:00:01',NULL),(102,1,'Iceland',1,'1',NULL,'2020-05-01 00:00:01',NULL),(103,2,'India',1,'1',NULL,'2020-05-01 00:00:01',NULL),(104,1,'Indonesia',1,'1',NULL,'2020-05-01 00:00:01',NULL),(105,1,'Iran',1,'1',NULL,'2020-05-01 00:00:01',NULL),(106,1,'Iraq',1,'1',NULL,'2020-05-01 00:00:01',NULL),(107,4,'Ireland',1,'1',NULL,'2020-05-01 00:00:01',NULL),(108,1,'Israel',1,'1',NULL,'2020-05-01 00:00:01',NULL),(109,4,'Italy',1,'1',NULL,'2020-05-01 00:00:01',NULL),(110,1,'Jamaica',1,'1',NULL,'2020-05-01 00:00:01',NULL),(111,1,'Japan',1,'1',NULL,'2020-05-01 00:00:01',NULL),(112,1,'Jordan',1,'1',NULL,'2020-05-01 00:00:01',NULL),(113,1,'Kazakhstan',1,'1',NULL,'2020-05-01 00:00:01',NULL),(114,1,'Kenya',1,'1',NULL,'2020-05-01 00:00:01',NULL),(115,1,'Kiribati',1,'1',NULL,'2020-05-01 00:00:01',NULL),(116,1,'Kuwait',1,'1',NULL,'2020-05-01 00:00:01',NULL),(117,1,'Kyrgyzstan',1,'1',NULL,'2020-05-01 00:00:01',NULL),(118,1,'Laos',1,'1',NULL,'2020-05-01 00:00:01',NULL),(119,4,'Latvia',1,'1',NULL,'2020-05-01 00:00:01',NULL),(120,1,'Lebanon',1,'1',NULL,'2020-05-01 00:00:01',NULL),(121,1,'Lesotho',1,'1',NULL,'2020-05-01 00:00:01',NULL),(122,1,'Liberia',1,'1',NULL,'2020-05-01 00:00:01',NULL),(123,1,'Libya',1,'1',NULL,'2020-05-01 00:00:01',NULL),(124,4,'Liechtenstein',1,'1',NULL,'2020-05-01 00:00:01',NULL),(125,4,'Lithuania',1,'1',NULL,'2020-05-01 00:00:01',NULL),(126,4,'Luxembourg',1,'1',NULL,'2020-05-01 00:00:01',NULL),(127,1,'Macau',1,'1',NULL,'2020-05-01 00:00:01',NULL),(128,4,'Macedonia',1,'1',NULL,'2020-05-01 00:00:01',NULL),(129,1,'Madagascar',1,'1',NULL,'2020-05-01 00:00:01',NULL),(130,1,'Malawi',1,'1',NULL,'2020-05-01 00:00:01',NULL),(131,1,'Malaysia',1,'1',NULL,'2020-05-01 00:00:01',NULL),(132,1,'Maldives',1,'1',NULL,'2020-05-01 00:00:01',NULL),(133,1,'Mali',1,'1',NULL,'2020-05-01 00:00:01',NULL),(134,1,'Malta',1,'1',NULL,'2020-05-01 00:00:01',NULL),(135,1,'Marshall Islnds',1,'1',NULL,'2020-05-01 00:00:01',NULL),(136,1,'Martinique',1,'1',NULL,'2020-05-01 00:00:01',NULL),(137,1,'Mauretania',1,'1',NULL,'2020-05-01 00:00:01',NULL),(138,1,'Mauritius',1,'1',NULL,'2020-05-01 00:00:01',NULL),(139,1,'Mayotte',1,'1',NULL,'2020-05-01 00:00:01',NULL),(140,1,'Mexico',1,'1',NULL,'2020-05-01 00:00:01',NULL),(141,1,'Micronesia',1,'1',NULL,'2020-05-01 00:00:01',NULL),(142,1,'Minor Outl.Isl.',1,'1',NULL,'2020-05-01 00:00:01',NULL),(143,4,'Moldova',1,'1',NULL,'2020-05-01 00:00:01',NULL),(144,4,'Monaco',1,'1',NULL,'2020-05-01 00:00:01',NULL),(145,1,'Mongolia',1,'1',NULL,'2020-05-01 00:00:01',NULL),(146,1,'Montserrat',1,'1',NULL,'2020-05-01 00:00:01',NULL),(147,1,'Morocco',1,'1',NULL,'2020-05-01 00:00:01',NULL),(148,1,'Mozambique',1,'1',NULL,'2020-05-01 00:00:01',NULL),(149,1,'N.Mariana Islnd',1,'1',NULL,'2020-05-01 00:00:01',NULL),(150,1,'Namibia',1,'1',NULL,'2020-05-01 00:00:01',NULL),(151,1,'NATO',1,'1',NULL,'2020-05-01 00:00:01',NULL),(152,1,'Nauru',1,'1',NULL,'2020-05-01 00:00:01',NULL),(153,1,'Nepal',1,'1',NULL,'2020-05-01 00:00:01',NULL),(154,4,'Netherlands',1,'1',NULL,'2020-05-01 00:00:01',NULL),(155,1,'New Caledonia',1,'1',NULL,'2020-05-01 00:00:01',NULL),(156,1,'New Zealand',1,'1',NULL,'2020-05-01 00:00:01',NULL),(157,1,'Nicaragua',1,'1',NULL,'2020-05-01 00:00:01',NULL),(158,1,'Niger',1,'1',NULL,'2020-05-01 00:00:01',NULL),(159,1,'Nigeria',1,'1',NULL,'2020-05-01 00:00:01',NULL),(160,1,'Niue',1,'1',NULL,'2020-05-01 00:00:01',NULL),(161,1,'Norfolk Islands',1,'1',NULL,'2020-05-01 00:00:01',NULL),(162,1,'North Korea',1,'1',NULL,'2020-05-01 00:00:01',NULL),(163,4,'Norway',1,'1',NULL,'2020-05-01 00:00:01',NULL),(164,1,'Oman',1,'1',NULL,'2020-05-01 00:00:01',NULL),(165,1,'Orange',1,'1',NULL,'2020-05-01 00:00:01',NULL),(166,1,'Pakistan',1,'1',NULL,'2020-05-01 00:00:01',NULL),(167,1,'Palau',1,'1',NULL,'2020-05-01 00:00:01',NULL),(168,1,'Palestine',1,'1',NULL,'2020-05-01 00:00:01',NULL),(169,1,'Panama',1,'1',NULL,'2020-05-01 00:00:01',NULL),(170,1,'Pap. New Guinea',1,'1',NULL,'2020-05-01 00:00:01',NULL),(171,1,'Paraguay',1,'1',NULL,'2020-05-01 00:00:01',NULL),(172,1,'Peru',1,'1',NULL,'2020-05-01 00:00:01',NULL),(173,1,'Philippines',1,'1',NULL,'2020-05-01 00:00:01',NULL),(174,1,'Pitcairn Islnds',1,'1',NULL,'2020-05-01 00:00:01',NULL),(175,4,'Poland',1,'1',NULL,'2020-05-01 00:00:01',NULL),(176,4,'Portugal',1,'1',NULL,'2020-05-01 00:00:01',NULL),(177,1,'Puerto Rico',1,'1',NULL,'2020-05-01 00:00:01',NULL),(178,1,'Qatar',1,'1',NULL,'2020-05-01 00:00:01',NULL),(179,1,'Rep.of Congo',1,'1',NULL,'2020-05-01 00:00:01',NULL),(180,1,'Reunion',1,'1',NULL,'2020-05-01 00:00:01',NULL),(181,4,'Romania',1,'1',NULL,'2020-05-01 00:00:01',NULL),(182,1,'Russian Fed.',1,'1',NULL,'2020-05-01 00:00:01',NULL),(183,1,'Rwanda',1,'1',NULL,'2020-05-01 00:00:01',NULL),(184,1,'S. Sandwich Ins',1,'1',NULL,'2020-05-01 00:00:01',NULL),(185,1,'S.Tome,Principe',1,'1',NULL,'2020-05-01 00:00:01',NULL),(186,1,'Saint Helena',1,'1',NULL,'2020-05-01 00:00:01',NULL),(187,1,'Samoa',1,'1',NULL,'2020-05-01 00:00:01',NULL),(188,3,'Samoa, America',1,'1',NULL,'2020-05-01 00:00:01',NULL),(189,4,'San Marino',1,'1',NULL,'2020-05-01 00:00:01',NULL),(190,1,'Saudi Arabia',1,'1',NULL,'2020-05-01 00:00:01',NULL),(191,1,'Senegal',1,'1',NULL,'2020-05-01 00:00:01',NULL),(192,4,'Serbia/Monten.',1,'1',NULL,'2020-05-01 00:00:01',NULL),(193,1,'Seychelles',1,'1',NULL,'2020-05-01 00:00:01',NULL),(194,1,'Sierra Leone',1,'1',NULL,'2020-05-01 00:00:01',NULL),(195,1,'Singapore',1,'1',NULL,'2020-05-01 00:00:01',NULL),(196,4,'Slovakia',1,'1',NULL,'2020-05-01 00:00:01',NULL),(197,4,'Slovenia',1,'1',NULL,'2020-05-01 00:00:01',NULL),(198,1,'Solomon Islands',1,'1',NULL,'2020-05-01 00:00:01',NULL),(199,1,'Somalia',1,'1',NULL,'2020-05-01 00:00:01',NULL),(200,1,'South Africa',1,'1',NULL,'2020-05-01 00:00:01',NULL),(201,1,'South Korea',1,'1',NULL,'2020-05-01 00:00:01',NULL),(202,4,'Spain',1,'1',NULL,'2020-05-01 00:00:01',NULL),(203,1,'Sri Lanka',1,'1',NULL,'2020-05-01 00:00:01',NULL),(204,1,'St Kitts&Nevis',1,'1',NULL,'2020-05-01 00:00:01',NULL),(205,1,'St. Lucia',1,'1',NULL,'2020-05-01 00:00:01',NULL),(206,1,'St. Vincent',1,'1',NULL,'2020-05-01 00:00:01',NULL),(207,1,'St.Pier,Miquel.',1,'1',NULL,'2020-05-01 00:00:01',NULL),(208,1,'Sudan',1,'1',NULL,'2020-05-01 00:00:01',NULL),(209,1,'Suriname',1,'1',NULL,'2020-05-01 00:00:01',NULL),(210,1,'Svalbard',1,'1',NULL,'2020-05-01 00:00:01',NULL),(211,1,'Swaziland',1,'1',NULL,'2020-05-01 00:00:01',NULL),(212,4,'Sweden',1,'1',NULL,'2020-05-01 00:00:01',NULL),(213,4,'Switzerland',1,'1',NULL,'2020-05-01 00:00:01',NULL),(214,1,'Syria',1,'1',NULL,'2020-05-01 00:00:01',NULL),(215,1,'Taiwan',1,'1',NULL,'2020-05-01 00:00:01',NULL),(216,1,'Tajikistan',1,'1',NULL,'2020-05-01 00:00:01',NULL),(217,1,'Tanzania',1,'1',NULL,'2020-05-01 00:00:01',NULL),(218,1,'Thailand',1,'1',NULL,'2020-05-01 00:00:01',NULL),(219,1,'Togo',1,'1',NULL,'2020-05-01 00:00:01',NULL),(220,1,'Tokelau Islands',1,'1',NULL,'2020-05-01 00:00:01',NULL),(221,1,'Tonga',1,'1',NULL,'2020-05-01 00:00:01',NULL),(222,1,'Trinidad,Tobago',1,'1',NULL,'2020-05-01 00:00:01',NULL),(223,1,'Tunisia',1,'1',NULL,'2020-05-01 00:00:01',NULL),(224,4,'Turkey',1,'1',NULL,'2020-05-01 00:00:01',NULL),(225,1,'Turkmenistan',1,'1',NULL,'2020-05-01 00:00:01',NULL),(226,1,'Turksh Caicosin',1,'1',NULL,'2020-05-01 00:00:01',NULL),(227,1,'Tuvalu',1,'1',NULL,'2020-05-01 00:00:01',NULL),(228,1,'Uganda',1,'1',NULL,'2020-05-01 00:00:01',NULL),(229,4,'Ukraine',1,'1',NULL,'2020-05-01 00:00:01',NULL),(230,4,'United Kingdom',1,'1',NULL,'2020-05-01 00:00:01',NULL),(231,1,'United Nations',1,'1',NULL,'2020-05-01 00:00:01',NULL),(232,1,'Uruguay',1,'1',NULL,'2020-05-01 00:00:01',NULL),(233,3,'USA',1,'1',NULL,'2020-05-01 00:00:01',NULL),(234,1,'Utd.Arab Emir.',1,'1',NULL,'2020-05-01 00:00:01',NULL),(235,1,'Uzbekistan',1,'1',NULL,'2020-05-01 00:00:01',NULL),(236,1,'Vanuatu',1,'1',NULL,'2020-05-01 00:00:01',NULL),(237,4,'Vatican City',1,'1',NULL,'2020-05-01 00:00:01',NULL),(238,1,'Venezuela',1,'1',NULL,'2020-05-01 00:00:01',NULL),(239,1,'Vietnam',1,'1',NULL,'2020-05-01 00:00:01',NULL),(240,1,'Wallis,Futuna',1,'1',NULL,'2020-05-01 00:00:01',NULL),(241,1,'West Sahara',1,'1',NULL,'2020-05-01 00:00:01',NULL),(242,1,'Yemen',1,'1',NULL,'2020-05-01 00:00:01',NULL),(243,1,'Zambia',1,'1',NULL,'2020-05-01 00:00:01',NULL),(244,1,'Zimbabwe',1,'1',NULL,'2020-05-01 00:00:01',NULL);
/*!40000 ALTER TABLE `country` ENABLE KEYS */;
UNLOCK TABLES;

--
-- Table structure for table `currency_exchange_rate`
--

DROP TABLE IF EXISTS `currency_exchange_rate`;
/*!40101 SET @saved_cs_client     = @@character_set_client */;
 SET character_set_client = utf8mb4 ;
CREATE TABLE `currency_exchange_rate` (
  `currency_code` varchar(5) NOT NULL COMMENT 'Currency Code ',
  `currency_name` varchar(45) DEFAULT NULL COMMENT 'Name of the Currency ',
  `country_id` int NOT NULL COMMENT 'Country ID to link the country Table',
  `rate_against_inr` decimal(24,18) NOT NULL COMMENT 'Exchange Rate Against INR',
  `rate_against_usd` decimal(24,18) NOT NULL COMMENT 'Exchange Rate Against USD',
  `is_active` tinyint(1) NOT NULL DEFAULT '1' COMMENT 'Is Active',
  `created_by` varchar(45) NOT NULL COMMENT 'Created By - PS Number',
  `modified_by` varchar(45) DEFAULT NULL COMMENT 'Modified By - PS number',
  `created` datetime NOT NULL COMMENT 'Created Data & Time',
  `modified` datetime DEFAULT NULL COMMENT 'Modified Date & Time',
  PRIMARY KEY (`currency_code`),
  KEY `FK_currency_exchange_rate_country_id_idx` (`country_id`),
  CONSTRAINT `FK_cur_ex_rate_country_id` FOREIGN KEY (`country_id`) REFERENCES `country` (`id`)
) ENGINE=InnoDB DEFAULT CHARSET=utf32;
/*!40101 SET character_set_client = @saved_cs_client */;

--
-- Dumping data for table `currency_exchange_rate`
--

LOCK TABLES `currency_exchange_rate` WRITE;
/*!40000 ALTER TABLE `currency_exchange_rate` DISABLE KEYS */;
INSERT INTO `currency_exchange_rate` VALUES ('AED','United Arab Emirates Dirham',234,19.331831620442100000,0.272279318597776000,1,'1',NULL,'2020-05-01 00:00:01',NULL),('ARS','Argentina Peso',9,1.219484724764180000,0.017175841193861800,1,'1',NULL,'2020-05-01 00:00:01',NULL),('AUD','Australia Dollar',12,48.359566380402600000,0.681120653245108000,1,'1',NULL,'2020-05-01 00:00:01',NULL),('BRL','Brazil Real',30,17.232718569618500000,0.242714346050964000,1,'1',NULL,'2020-05-01 00:00:01',NULL),('CAD','Canada Dollar',40,53.687315218921600000,0.756159369280586000,1,'1',NULL,'2020-05-01 00:00:01',NULL),('CHF','Switzerland Franc',213,71.539771927354600000,1.007602421512040000,1,'1',NULL,'2020-05-01 00:00:01',NULL),('CNY','China Yuan Renminbi',46,10.030196888638600000,0.141270378713220000,1,'1',NULL,'2020-05-01 00:00:01',NULL),('DKK','Denmark Krone',59,10.495565254118000000,0.147824862734056000,1,'1',NULL,'2020-05-01 00:00:01',NULL),('EUR','Euro Member Countries',78,79.520000000000000000,1.120000000000000000,1,'1',NULL,'2020-05-01 00:00:01',NULL),('GBP','United Kingdom Pound',230,89.652118823032500000,1.262705898915950000,1,'1',NULL,'2020-05-01 00:00:01',NULL),('ILS','Israel Shekel',108,20.211459946501500000,0.284668449950725000,1,'1',NULL,'2020-05-01 00:00:01',NULL),('INR','India Rupee',103,1.000000000000000000,0.014084507042253500,1,'1',NULL,'2020-05-01 00:00:01',NULL),('JPY','Japan Yen',111,0.645454545454546000,0.009090909090909090,1,'1',NULL,'2020-05-01 00:00:01',NULL),('KRW','Korea (South) Won',201,0.059974658594959900,0.000844713501337463,1,'1',NULL,'2020-05-01 00:00:01',NULL),('MYR','Malaysia Ringgit',131,16.992819935238600000,0.239335492045615000,1,'1',NULL,'2020-05-01 00:00:01',NULL),('NOK','Norway Krone',163,7.796705617344780000,0.109812755173870000,1,'1',NULL,'2020-05-01 00:00:01',NULL),('PLN','Poland Zloty',175,18.162325777840400000,0.255807405321695000,1,'1',NULL,'2020-05-01 00:00:01',NULL),('QAR','Qatar Riyal',178,19.381810502604500000,0.272983246515557000,1,'1',NULL,'2020-05-01 00:00:01',NULL),('SEK','Sweden Krona',212,7.400000000000000000,0.104225352112676000,1,'1',NULL,'2020-05-01 00:00:01',NULL),('SGD','Singapore Dollar',195,51.798113473180300000,0.729550893988456000,1,'1',NULL,'2020-05-01 00:00:01',NULL),('USD','United States Dollar',233,71.000000000000000000,1.000000000000000000,1,'1',NULL,'2020-05-01 00:00:01',NULL),('ZAR','South Africa Rand',200,4.777981134731800000,0.067295508939884500,1,'1',NULL,'2020-05-01 00:00:01',NULL);
/*!40000 ALTER TABLE `currency_exchange_rate` ENABLE KEYS */;
UNLOCK TABLES;

--
-- Table structure for table `horizontal`
--

DROP TABLE IF EXISTS `horizontal`;
/*!40101 SET @saved_cs_client     = @@character_set_client */;
 SET character_set_client = utf8mb4 ;
CREATE TABLE `horizontal` (
  `id` int NOT NULL AUTO_INCREMENT COMMENT 'Horizontal ID -  Auto Increment ',
  `name` varchar(100) NOT NULL COMMENT 'Horizontal Name',
  `code` varchar(3) DEFAULT NULL COMMENT 'Horizontal Code',
  `is_active` tinyint(1) NOT NULL DEFAULT '1' COMMENT 'Is Active',
  `created_by` varchar(45) NOT NULL COMMENT 'Created By - PS Number',
  `modified_by` varchar(45) DEFAULT NULL COMMENT 'Modified By - PS number',
  `created` datetime NOT NULL COMMENT 'Created Data & Time',
  `modified` datetime DEFAULT NULL COMMENT 'Modified Date & Time',
  PRIMARY KEY (`id`)
) ENGINE=InnoDB AUTO_INCREMENT=27 DEFAULT CHARSET=utf32;
/*!40101 SET character_set_client = @saved_cs_client */;

--
-- Dumping data for table `horizontal`
--

LOCK TABLES `horizontal` WRITE;
/*!40000 ALTER TABLE `horizontal` DISABLE KEYS */;
INSERT INTO `horizontal` VALUES (1,'Embedded system & Platform','ESP',1,'1',NULL,'2020-05-01 00:00:01',NULL),(2,'Storage Solution','SOS',1,'1',NULL,'2020-05-01 00:00:01',NULL),(3,'V&V, Testing Telecom','TET',1,'1',NULL,'2020-05-01 00:00:01',NULL),(4,'V&V, ICP & MED','TEO',1,'1',NULL,'2020-05-01 00:00:01',NULL),(5,'V&V, Transportation','TEG',1,'1',NULL,'2020-05-01 00:00:01',NULL),(6,'V&V, Aero','TEA',1,'1',NULL,'2020-05-01 00:00:01',NULL),(7,'Product Lifecycle Mgmt','PLM',1,'1',NULL,'2020-05-01 00:00:01',NULL),(8,'Integrated Content Management','ICM',1,'1',NULL,'2020-05-01 00:00:01',NULL),(9,'Integrated Asset Management','AIM',1,'1',NULL,'2020-05-01 00:00:01',NULL),(10,'Mfg Operation Mgmt','MOM',1,'1',NULL,'2020-05-01 00:00:01',NULL),(11,'IMSC','MES',1,'1',NULL,'2020-05-01 00:00:01',NULL),(12,'Engineering Process Services','EPS',1,'1',NULL,'2020-05-01 00:00:01',NULL),(13,'Computer Aided Engineering','CAE',1,'1',NULL,'2020-05-01 00:00:01',NULL),(14,'Mechanical Design Services','MDS',1,'1',NULL,'2020-05-01 00:00:01',NULL),(15,'Application Engineering','APE',1,'1',NULL,'2020-05-01 00:00:01',NULL),(16,'System Integration','SYS',1,'1',NULL,'2020-05-01 00:00:01',NULL),(17,'VLSI','VLS',1,'1',NULL,'2020-05-01 00:00:01',NULL),(18,'Geo Data Management','GDM',1,'1',NULL,'2020-05-01 00:00:01',NULL),(19,'Vertical Own','OWN',1,'1',NULL,'2020-05-01 00:00:01',NULL),(20,'Xerox','XER',1,'1',NULL,'2020-05-01 00:00:01',NULL),(21,'PNS (i-BEMS)','PSI',1,'1',NULL,'2020-05-01 00:00:01',NULL),(22,'PNS (EnP)','PSE',1,'1',NULL,'2020-05-01 00:00:01',NULL),(23,'PNS (AiKno)','PSA',1,'1',NULL,'2020-05-01 00:00:01',NULL),(24,'PNS (nBon)','PSN',1,'1',NULL,'2020-05-01 00:00:01',NULL),(25,'PNS (Cogmation)','PSC',1,'1',NULL,'2020-05-01 00:00:01',NULL),(26,'PNS (Others)','PSO',1,'1',NULL,'2020-05-01 00:00:01',NULL);
/*!40000 ALTER TABLE `horizontal` ENABLE KEYS */;
UNLOCK TABLES;

--
-- Table structure for table `practice`
--

DROP TABLE IF EXISTS `practice`;
/*!40101 SET @saved_cs_client     = @@character_set_client */;
 SET character_set_client = utf8mb4 ;
CREATE TABLE `practice` (
  `id` int NOT NULL AUTO_INCREMENT COMMENT 'Practice ID  - Auto Increment ',
  `name` varchar(100) DEFAULT NULL COMMENT 'Practice / Service Offering Portfolio',
  `is_active` tinyint(1) NOT NULL DEFAULT '1' COMMENT 'Is Active',
  `created_by` varchar(45) NOT NULL COMMENT 'Created By - PS Number',
  `modified_by` varchar(45) DEFAULT NULL COMMENT 'Modified By - PS number',
  `created` datetime NOT NULL COMMENT 'Created Data & Time',
  `modified` datetime DEFAULT NULL COMMENT 'Modified Date & Time',
  PRIMARY KEY (`id`),
  UNIQUE KEY `id_UNIQUE` (`id`)
) ENGINE=InnoDB AUTO_INCREMENT=47 DEFAULT CHARSET=utf32;
/*!40101 SET character_set_client = @saved_cs_client */;

--
-- Dumping data for table `practice`
--

LOCK TABLES `practice` WRITE;
/*!40000 ALTER TABLE `practice` DISABLE KEYS */;
INSERT INTO `practice` VALUES (1,'IPC -Elevators & Escalators Services',1,'1',NULL,'2020-05-01 00:00:01',NULL),(2,'IPC -Engine design and Support',1,'1',NULL,'2020-05-01 00:00:01',NULL),(3,'IPC -Flowcontrol devices',1,'1',NULL,'2020-05-01 00:00:01',NULL),(4,'IPC -Home appliances',1,'1',NULL,'2020-05-01 00:00:01',NULL),(5,'IPC -Lighting equipment design & development',1,'1',NULL,'2020-05-01 00:00:01',NULL),(6,'IPC -Nuclear qualification',1,'1',NULL,'2020-05-01 00:00:01',NULL),(7,'IPC -Oil & Gas Services',1,'1',NULL,'2020-05-01 00:00:01',NULL),(8,'IPC -Power & Machine Tools',1,'1',NULL,'2020-05-01 00:00:01',NULL),(9,'IPC -Power Conversion design and development',1,'1',NULL,'2020-05-01 00:00:01',NULL),(10,'IPC -Processing & precision machines',1,'1',NULL,'2020-05-01 00:00:01',NULL),(11,'IPC -Renewable Energy-Wind & Solar',1,'1',NULL,'2020-05-01 00:00:01',NULL),(12,'IPC -Test & Measurement Services',1,'1',NULL,'2020-05-01 00:00:01',NULL),(13,'IPC -Transmission & Distribution Services',1,'1',NULL,'2020-05-01 00:00:01',NULL),(14,'IPC-Android Product Engineering Services',1,'1',NULL,'2020-05-01 00:00:01',NULL),(15,'IPC -TV and Home Entertainment Services',1,'1',NULL,'2020-05-01 00:00:01',NULL),(16,'IPC -Others',1,'1',NULL,'2020-05-01 00:00:01',NULL),(17,'MD -Diagnostics ',1,'1',NULL,'2020-05-01 00:00:01',NULL),(18,'MD -Life sciences Services',1,'1',NULL,'2020-05-01 00:00:01',NULL),(19,'MD -Musculoskeletal Services',1,'1',NULL,'2020-05-01 00:00:01',NULL),(20,'MD -Patient Mobility Services',1,'1',NULL,'2020-05-01 00:00:01',NULL),(21,'MD -Surgicals Services',1,'1',NULL,'2020-05-01 00:00:01',NULL),(22,'MD -Others',1,'1',NULL,'2020-05-01 00:00:01',NULL),(23,'T&S -Network Management Systems /Element Management Systems',1,'1',NULL,'2020-05-01 00:00:01',NULL),(24,'T&S -Wireless Infrastructure Services',1,'1',NULL,'2020-05-01 00:00:01',NULL),(25,'T&S -Wireline Infrastructure Services',1,'1',NULL,'2020-05-01 00:00:01',NULL),(26,'T&S - Others',1,'1',NULL,'2020-05-01 00:00:01',NULL),(27,'GT - Mechanical Services',1,'1',NULL,'2020-05-01 00:00:01',NULL),(28,'GT - Autonomous Driving & ADAS',1,'1',NULL,'2020-05-01 00:00:01',NULL),(29,'GT - Body Electronics',1,'1',NULL,'2020-05-01 00:00:01',NULL),(30,'GT - Electric Vehicle & Power Train',1,'1',NULL,'2020-05-01 00:00:01',NULL),(31,'GT - Infotainment & Connected Car',1,'1',NULL,'2020-05-01 00:00:01',NULL),(32,'GT -Others',1,'1',NULL,'2020-05-01 00:00:01',NULL),(33,'AER -Aero Mechanical',1,'1',NULL,'2020-05-01 00:00:01',NULL),(34,'AER -Airborne Software',1,'1',NULL,'2020-05-01 00:00:01',NULL),(35,'AER -Aero Systems and Airborne Hardware',1,'1',NULL,'2020-05-01 00:00:01',NULL),(36,'AER -Rail',1,'1',NULL,'2020-05-01 00:00:01',NULL),(37,'AER -Others',1,'1',NULL,'2020-05-01 00:00:01',NULL),(38,'PI -Asset Integrity & Design',1,'1',NULL,'2020-05-01 00:00:01',NULL),(39,'PI -CAPEX Project Engineering Services',1,'1',NULL,'2020-05-01 00:00:01',NULL),(40,'PI -CAPEX Project EPCM Services',1,'1',NULL,'2020-05-01 00:00:01',NULL),(41,'PI -Engineering Reapplication & Global Roll-outs',1,'1',NULL,'2020-05-01 00:00:01',NULL),(42,'PI -Operational Excellence ',1,'1',NULL,'2020-05-01 00:00:01',NULL),(43,'PI -Plant Sustenance & Management',1,'1',NULL,'2020-05-01 00:00:01',NULL),(44,'PI -Regulatory Compliance Engineering',1,'1',NULL,'2020-05-01 00:00:01',NULL),(45,'PI -Smart Manufacturing',1,'1',NULL,'2020-05-01 00:00:01',NULL),(46,'PI - Others',1,'1',NULL,'2020-05-01 00:00:01',NULL);
/*!40000 ALTER TABLE `practice` ENABLE KEYS */;
UNLOCK TABLES;

--
-- Table structure for table `region`
--

DROP TABLE IF EXISTS `region`;
/*!40101 SET @saved_cs_client     = @@character_set_client */;
 SET character_set_client = utf8mb4 ;
CREATE TABLE `region` (
  `id` int NOT NULL AUTO_INCREMENT COMMENT 'Region ID  - Auto Increment ',
  `name` varchar(100) DEFAULT NULL COMMENT 'Region Name ',
  `is_active` tinyint(1) NOT NULL DEFAULT '1' COMMENT 'Is Active',
  `created_by` varchar(45) NOT NULL COMMENT 'Created By - PS Number',
  `modified_by` varchar(45) DEFAULT NULL COMMENT 'Modified By - PS number',
  `created` datetime NOT NULL COMMENT 'Created Data & Time',
  `modified` datetime DEFAULT NULL COMMENT 'Modified Date & Time',
  PRIMARY KEY (`id`),
  UNIQUE KEY `id_UNIQUE` (`id`)
) ENGINE=InnoDB AUTO_INCREMENT=5 DEFAULT CHARSET=utf32;
/*!40101 SET character_set_client = @saved_cs_client */;

--
-- Dumping data for table `region`
--

LOCK TABLES `region` WRITE;
/*!40000 ALTER TABLE `region` DISABLE KEYS */;
INSERT INTO `region` VALUES (1,'ROW',1,'1',NULL,'2020-05-01 09:48:00',NULL),(2,'India',1,'1',NULL,'2020-05-01 09:48:00',NULL),(3,'North America',1,'1',NULL,'2020-05-01 09:48:00',NULL),(4,'Europe',1,'1',NULL,'2020-05-01 09:48:00',NULL);
/*!40000 ALTER TABLE `region` ENABLE KEYS */;
UNLOCK TABLES;

--
-- Table structure for table `sales_region`
--

DROP TABLE IF EXISTS `sales_region`;
/*!40101 SET @saved_cs_client     = @@character_set_client */;
 SET character_set_client = utf8mb4 ;
CREATE TABLE `sales_region` (
  `id` int NOT NULL AUTO_INCREMENT COMMENT 'Sales Region ID  - Auto Increment ',
  `name` varchar(100) DEFAULT NULL COMMENT 'Sales Region Name',
  `code` varchar(3) NOT NULL COMMENT 'Sales Region Code',
  `region_id` int NOT NULL COMMENT 'Region id to link region table',
  `is_active` tinyint(1) NOT NULL DEFAULT '1' COMMENT 'Is Active',
  `created_by` varchar(45) NOT NULL COMMENT 'Created By - PS Number',
  `modified_by` varchar(45) DEFAULT NULL COMMENT 'Modified By - PS number',
  `created` datetime NOT NULL COMMENT 'Created Data & Time',
  `modified` datetime DEFAULT NULL COMMENT 'Modified Date & Time',
  PRIMARY KEY (`id`),
  UNIQUE KEY `id_UNIQUE` (`id`),
  KEY `FK_sales_region_region_id_idx` (`region_id`),
  CONSTRAINT `FK_sales_region_region_id` FOREIGN KEY (`region_id`) REFERENCES `region` (`id`)
) ENGINE=InnoDB AUTO_INCREMENT=18 DEFAULT CHARSET=utf32;
/*!40101 SET character_set_client = @saved_cs_client */;

--
-- Dumping data for table `sales_region`
--

LOCK TABLES `sales_region` WRITE;
/*!40000 ALTER TABLE `sales_region` DISABLE KEYS */;
INSERT INTO `sales_region` VALUES (1,'NA IP & CE, OIL& Gas','IPS',3,1,'1',NULL,'2020-05-01 00:00:01',NULL),(2,'NA Medical','MLS',3,1,'1',NULL,'2020-05-01 00:00:01',NULL),(3,'NA Transportation','TNS',3,1,'1',NULL,'2020-05-01 00:00:01',NULL),(4,'NA Telecom','THN',3,1,'1',NULL,'2020-05-01 00:00:01',NULL),(5,'SP & Media Sales','EVS',1,1,'1',NULL,'2020-05-01 00:00:01',NULL),(6,'ROW - Japan & Korea','JKS',1,1,'1',NULL,'2020-05-01 00:00:01',NULL),(7,'ROW - China & Taiwan','CTS',1,1,'1',NULL,'2020-05-01 00:00:01',NULL),(8,'ROW - Australia','AUS',1,1,'1',NULL,'2020-05-01 00:00:01',NULL),(9,'ROW - India Product & ME','IMS',2,1,'1',NULL,'2020-05-01 00:00:01',NULL),(10,'ROW - SE Asia','SIS',1,1,'1',NULL,'2020-05-01 00:00:01',NULL),(11,'ROW India Process','IPI',2,1,'1',NULL,'2020-05-01 00:00:01',NULL),(12,'Europe Aero Rail Dach','DES',4,1,'1',NULL,'2020-05-01 00:00:01',NULL),(13,'Europe - UK & France','UIS',4,1,'1',NULL,'2020-05-01 00:00:01',NULL),(14,'EPRO-Nordics &Benelux','NBS',4,1,'1',NULL,'2020-05-01 00:00:01',NULL),(15,'Europe - Oil, Gas & Chemicals','OGS',4,1,'1',NULL,'2020-05-01 00:00:01',NULL),(16,'EU - CPG & Unilever','CPS',4,1,'1',NULL,'2020-05-01 00:00:01',NULL),(17,'EU - Africa','AFS',4,1,'1',NULL,'2020-05-01 00:00:01',NULL);
/*!40000 ALTER TABLE `sales_region` ENABLE KEYS */;
UNLOCK TABLES;

--
-- Table structure for table `user`
--

DROP TABLE IF EXISTS `user`;
/*!40101 SET @saved_cs_client     = @@character_set_client */;
 SET character_set_client = utf8mb4 ;
CREATE TABLE `user` (
  `id` int NOT NULL COMMENT 'PS No',
  `first_name` varchar(100) NOT NULL COMMENT 'First Name',
  `last_name` varchar(100) NOT NULL COMMENT 'Last Name',
  `sp` tinyint(1) NOT NULL DEFAULT '0',
  `stl` tinyint(1) NOT NULL DEFAULT '0',
  `sstl` tinyint(1) NOT NULL DEFAULT '0',
  `is_active` tinyint(1) NOT NULL DEFAULT '1' COMMENT 'Is Active field',
  `created_by` int NOT NULL COMMENT 'Created by - PS number',
  `modified_by` int DEFAULT NULL COMMENT 'Modified By - PS number',
  `created` datetime NOT NULL COMMENT 'Created Date & Time',
  `modified` datetime DEFAULT NULL COMMENT 'Modified Date & Time',
  PRIMARY KEY (`id`),
  UNIQUE KEY `id_UNIQUE` (`id`)
) ENGINE=InnoDB DEFAULT CHARSET=utf32;
/*!40101 SET character_set_client = @saved_cs_client */;

--
-- Dumping data for table `user`
--

LOCK TABLES `user` WRITE;
/*!40000 ALTER TABLE `user` DISABLE KEYS */;
INSERT INTO `user` VALUES (1,'SYSTEM','SYSTEM',0,0,0,1,1,NULL,'2020-05-01 00:00:01',NULL),(9999,'Karthik','Gopal',1,1,0,1,1,NULL,'2020-05-01 00:00:01',NULL),(279633,'Balakrishna Rao','I L',1,0,0,1,1,NULL,'2020-05-01 00:00:01',NULL),(284671,'Ricky','Hanfee',1,0,0,1,1,NULL,'2020-05-01 00:00:01',NULL),(290531,'Siddharth','Jindal',1,0,0,1,1,NULL,'2020-05-01 00:00:01',NULL),(333156,'Anand','Kannan',1,0,0,1,1,NULL,'2020-05-01 00:00:01',NULL),(716777,'Anil Kumar','Singh',1,0,0,1,1,NULL,'2020-05-01 00:00:01',NULL),(716979,'T','Parasuraman',1,0,0,1,1,NULL,'2020-05-01 00:00:01',NULL),(722442,'Amit','Warkad',1,0,0,1,1,NULL,'2020-05-01 00:00:01',NULL),(724412,'John','Pushparaj',1,1,1,1,1,NULL,'2020-05-01 00:00:01',NULL),(724419,'Indrajit','Sen',1,1,0,1,1,NULL,'2020-05-01 00:00:01',NULL),(724437,'Alind','Saxena',1,1,1,1,1,NULL,'2020-05-01 00:00:01',NULL),(724527,'Subrat','Tripathy',1,1,1,1,1,NULL,'2020-05-01 00:00:01',NULL),(745024,'Divya','Bhatt',1,1,1,1,1,NULL,'2020-05-01 00:00:01',NULL),(770147,'Amar','Thite',1,0,0,1,1,NULL,'2020-05-01 00:00:01',NULL),(900094,'Yogesh','Desai',1,0,0,1,1,NULL,'2020-05-01 00:00:01',NULL),(917031,'Umesh','Satyanarayana',1,1,0,1,1,NULL,'2020-05-01 00:00:01',NULL),(917069,'Harikrishnan','Ramaraju',1,0,0,1,1,NULL,'2020-05-01 00:00:01',NULL),(950370,'Hemant','Dubey',1,0,0,1,1,NULL,'2020-05-01 00:00:01',NULL),(950558,'T.V.','Venkatesh',1,1,0,1,1,NULL,'2020-05-01 00:00:01',NULL),(950885,'Ojas K','Gandhi',1,0,0,1,1,NULL,'2020-05-01 00:00:01',NULL),(950993,'SYED FEROZ','RAZA',1,1,0,1,1,NULL,'2020-05-01 00:00:01',NULL),(951076,'Shashi','Kapoor',1,0,0,1,1,NULL,'2020-05-01 00:00:01',NULL),(951511,'Atul','Rane',1,0,0,1,1,NULL,'2020-05-01 00:00:01',NULL),(951536,'Avinash','Reddy',1,0,0,1,1,NULL,'2020-05-01 00:00:01',NULL),(951625,'Pravin','Khopkar',1,0,0,1,1,NULL,'2020-05-01 00:00:01',NULL),(951951,'Vikas','Jain',1,0,0,1,1,NULL,'2020-05-01 00:00:01',NULL),(953294,'Krishnan','Narayanan',1,0,0,1,1,NULL,'2020-05-01 00:00:01',NULL),(953552,'ABHISHEK','RAI',1,0,0,1,1,NULL,'2020-05-01 00:00:01',NULL),(954702,'Jithesh','George',1,1,0,1,1,NULL,'2020-05-01 00:00:01',NULL),(954946,'Archit','Shah',1,0,0,1,1,NULL,'2020-05-01 00:00:01',NULL),(955231,'Sapan','Jadia',1,0,0,1,1,NULL,'2020-05-01 00:00:01',NULL),(955917,'Prakash','Shree',1,0,0,1,1,NULL,'2020-05-01 00:00:01',NULL),(955990,'Rahul','Shukla',1,0,0,1,1,NULL,'2020-05-01 00:00:01',NULL),(995252,'Abhijith','Kachodi',1,0,0,1,1,NULL,'2020-05-01 00:00:01',NULL),(995383,'Sumesh','Bhaskaran',1,0,0,1,1,NULL,'2020-05-01 00:00:01',NULL),(995613,'Deepashree','Gadwal',1,0,0,1,1,NULL,'2020-05-01 00:00:01',NULL),(995633,'Sudeep','Kishan',1,0,0,1,1,NULL,'2020-05-01 00:00:01',NULL),(995708,'Amit','Gilotra',1,0,0,1,1,NULL,'2020-05-01 00:00:01',NULL),(996191,'Mahesh','Saroj',1,0,0,1,1,NULL,'2020-05-01 00:00:01',NULL),(996390,'Prakash','Rajan',1,0,0,1,1,NULL,'2020-05-01 00:00:01',NULL),(996502,'Hemang','Thakkar',1,0,0,1,1,NULL,'2020-05-01 00:00:01',NULL),(996942,'Vinay Pal','Bhati',1,0,0,1,1,NULL,'2020-05-01 00:00:01',NULL),(998600,'Deepesh','Khabrani',1,0,0,1,1,NULL,'2020-05-01 00:00:01',NULL),(10602146,'Pratik','Zaveri',1,0,0,1,1,NULL,'2020-05-01 00:00:01',NULL),(10605495,'Abhishek','Pallava',1,0,0,1,1,NULL,'2020-05-01 00:00:01',NULL),(10613073,'Manjunath Channabasaiah','Shivakumar',1,1,0,1,1,NULL,'2020-05-01 00:00:01',NULL),(20001481,'Rahul','Parmar',1,0,0,1,1,NULL,'2020-05-01 00:00:01',NULL),(20003353,'Kapil','Jindal',1,0,0,1,1,NULL,'2020-05-01 00:00:01',NULL),(20003478,'Shubham','Rajvanshi',1,0,0,1,1,NULL,'2020-05-01 00:00:01',NULL),(20003659,'Nitish','Sharma',1,1,0,1,1,NULL,'2020-05-01 00:00:01',NULL),(20004406,'MAHESH','KULKARNI',1,0,0,1,1,NULL,'2020-05-01 00:00:01',NULL),(20004535,'Deepesh','Vyas',1,0,0,1,1,NULL,'2020-05-01 00:00:01',NULL),(20005703,'Vijay Kumar','Gadiraju',1,0,0,1,1,NULL,'2020-05-01 00:00:01',NULL),(20005736,'Amit','Chadha',1,1,1,1,1,NULL,'2020-05-01 00:00:01',NULL),(20007702,'Ajit','Elias',1,1,0,1,1,NULL,'2020-05-01 00:00:01',NULL),(20009476,'Renish','Thomas',1,0,0,1,1,NULL,'2020-05-01 00:00:01',NULL),(20009789,'Madhav','Komaragiri',1,1,0,1,1,NULL,'2020-05-01 00:00:01',NULL),(20013196,'Darshan','Pandya',1,0,0,1,1,NULL,'2020-05-01 00:00:01',NULL),(20013658,'Praveen S','Ingale',1,0,0,1,1,NULL,'2020-05-01 00:00:01',NULL),(20016429,'Chinmaya Kumar','Parida',1,0,0,1,1,NULL,'2020-05-01 00:00:01',NULL),(20022807,'Pallavi','Chakravorty',1,0,0,1,1,NULL,'2020-05-01 00:00:01',NULL),(20024282,'Vikas','Samyal',1,0,0,1,1,NULL,'2020-05-01 00:00:01',NULL),(20031660,'Vinayak','Mallya',1,0,0,1,1,NULL,'2020-05-01 00:00:01',NULL),(20034607,'Ramkumar','Devarajulu',1,1,0,1,1,NULL,'2020-05-01 00:00:01',NULL),(20040931,'Rajan','Saini',1,0,0,1,1,NULL,'2020-05-01 00:00:01',NULL),(20041902,'Pradeep','Thota',1,0,0,1,1,NULL,'2020-05-01 00:00:01',NULL),(20043446,'Tanu','Shankar',1,0,0,1,1,NULL,'2020-05-01 00:00:01',NULL),(20043484,'Tapan','Kapadiya',1,0,0,1,1,NULL,'2020-05-01 00:00:01',NULL),(20045876,'M.V.R.','Suryateja',1,0,0,1,1,NULL,'2020-05-01 00:00:01',NULL),(20046510,'Anil','Barot',1,1,0,1,1,NULL,'2020-05-01 00:00:01',NULL),(20048200,'Swaminathan','Srinivasan',1,1,0,1,1,NULL,'2020-05-01 00:00:01',NULL),(20048591,'Krishna','Padmanaban',1,1,0,1,1,NULL,'2020-05-01 00:00:01',NULL),(20050285,'Ferdinand','J',1,0,0,1,1,NULL,'2020-05-01 00:00:01',NULL),(20051692,'Ganesh','Raj',1,0,0,1,1,NULL,'2020-05-01 00:00:01',NULL),(20052298,'Santosh','Choudhary',1,0,0,1,1,NULL,'2020-05-01 00:00:01',NULL),(20053217,'Jeevan','Prakash',1,1,0,1,1,NULL,'2020-05-01 00:00:01',NULL),(20054157,'Pankaj','Sharma',1,0,0,1,1,NULL,'2020-05-01 00:00:01',NULL),(20054162,'Anand','V',1,0,0,1,1,NULL,'2020-05-01 00:00:01',NULL),(20054720,'Arun','M.L',1,0,0,1,1,NULL,'2020-05-01 00:00:01',NULL),(20054770,'Alok S','Pradhan',1,0,0,1,1,NULL,'2020-05-01 00:00:01',NULL),(20054961,'Mohan G','Bharadwaj',1,0,0,1,1,NULL,'2020-05-01 00:00:01',NULL),(20055299,'Venkatachalam P','S',1,0,0,1,1,NULL,'2020-05-01 00:00:01',NULL),(20055466,'ARPAN','DAVE',1,0,0,1,1,NULL,'2020-05-01 00:00:01',NULL),(20055631,'Umanath T','Swaminathan',1,0,0,1,1,NULL,'2020-05-01 00:00:01',NULL),(20055717,'Prashant','Panchal',1,0,0,1,1,NULL,'2020-05-01 00:00:01',NULL),(20056745,'Disha','Chugh',1,0,0,1,1,NULL,'2020-05-01 00:00:01',NULL),(20059109,'Avinash','Sista',1,0,0,1,1,NULL,'2020-05-01 00:00:01',NULL),(20059110,'Devendra','Auti',1,1,0,1,1,NULL,'2020-05-01 00:00:01',NULL),(20059123,'Saikrishnan','B',1,0,0,1,1,NULL,'2020-05-01 00:00:01',NULL),(20059129,'Raghunathan','Sankar',1,0,0,1,1,NULL,'2020-05-01 00:00:01',NULL),(20059385,'Vishnu','Srivastav',1,0,0,1,1,NULL,'2020-05-01 00:00:01',NULL),(20059527,'Kalyanaraman','Gurumoorthy',1,0,0,1,1,NULL,'2020-05-01 00:00:01',NULL),(20061295,'Divya','Koshthi',1,0,0,1,1,NULL,'2020-05-01 00:00:01',NULL),(20061571,'Kartik','Nagamoorthy',1,0,0,1,1,NULL,'2020-05-01 00:00:01',NULL),(20064501,'Ajit','Chandorkar',1,1,0,1,1,NULL,'2020-05-01 00:00:01',NULL),(20065514,'Prachit','Murthy',1,1,0,1,1,NULL,'2020-05-01 00:00:01',NULL),(20065887,'Vinay','Kulkarni',1,0,0,1,1,NULL,'2020-05-01 00:00:01',NULL),(20068621,'Mohammad Fazlur','Rahman',1,0,0,1,1,NULL,'2020-05-01 00:00:01',NULL),(20069533,'Nagraj','Rao',1,1,0,1,1,NULL,'2020-05-01 00:00:01',NULL),(20070174,'Raju','Kamal',1,1,0,1,1,NULL,'2020-05-01 00:00:01',NULL),(20070827,'Lakshay','Sharma',1,0,0,1,1,NULL,'2020-05-01 00:00:01',NULL),(20070891,'Sanjay Kumar','Barnwal',1,1,0,1,1,NULL,'2020-05-01 00:00:01',NULL),(20071491,'Amit','Kumar',1,0,0,1,1,NULL,'2020-05-01 00:00:01',NULL),(20071948,'Tejas','Narwane',1,0,0,1,1,NULL,'2020-05-01 00:00:01',NULL),(20073968,'Nagaraju','Rayani',1,0,0,1,1,NULL,'2020-05-01 00:00:01',NULL),(20080354,'Sridhar','Karkal',1,0,0,1,1,NULL,'2020-05-01 00:00:01',NULL),(20092187,'Srikanth','Mantri',1,0,0,1,1,NULL,'2020-05-01 00:00:01',NULL),(20093004,'Vinay','Bhanot',1,1,0,1,1,NULL,'2020-05-01 00:00:01',NULL),(20096480,'Chakravarthi','J S K',1,0,0,1,1,NULL,'2020-05-01 00:00:01',NULL),(20103940,'Srikiran','G',1,0,0,1,1,NULL,'2020-05-01 00:00:01',NULL),(20107843,'Vijaya Raghavan','P V',1,1,0,1,1,NULL,'2020-05-01 00:00:01',NULL),(20108158,'Jeffery','Freeman',1,0,0,1,1,NULL,'2020-05-01 00:00:01',NULL),(20110056,'Harsha','Kulkarni',1,0,0,1,1,NULL,'2020-05-01 00:00:01',NULL),(20110570,'Aditya','Dandawate',1,0,0,1,1,NULL,'2020-05-01 00:00:01',NULL),(20111858,'Hari','Natarajan',1,1,0,1,1,NULL,'2020-05-01 00:00:01',NULL),(20113953,'Rohit','Kamal',1,0,0,1,1,NULL,'2020-05-01 00:00:01',NULL),(20115047,'Sachin','Bhatta',1,0,0,1,1,NULL,'2020-05-01 00:00:01',NULL),(20115121,'Vankamamidi','Rao',1,1,0,1,1,NULL,'2020-05-01 00:00:01',NULL),(20117709,'Vaidyanathan','A',1,1,0,1,1,NULL,'2020-05-01 00:00:01',NULL),(20118820,'Eric','Jahn',1,0,0,1,1,NULL,'2020-05-01 00:00:01',NULL),(20119178,'Abhijit K','R',1,0,0,1,1,NULL,'2020-05-01 00:00:01',NULL),(20119289,'Shailendra','Shinde',1,0,0,1,1,NULL,'2020-05-01 00:00:01',NULL),(20119486,'Badrinath','Singh',1,0,0,1,1,NULL,'2020-05-01 00:00:01',NULL),(20120433,'Joydeep','Mukherjee',1,0,0,1,1,NULL,'2020-05-01 00:00:01',NULL),(20122050,'Nikhil','Hosurkar',1,0,0,1,1,NULL,'2020-05-01 00:00:01',NULL),(20122822,'Amitkumar','Rao',1,0,0,1,1,NULL,'2020-05-01 00:00:01',NULL),(20123221,'Sudheer','Rao',1,0,0,1,1,NULL,'2020-05-01 00:00:01',NULL),(20123639,'Vignesh','Mani',1,0,0,1,1,NULL,'2020-05-01 00:00:01',NULL),(20124126,'Sudhish','Sudhir',1,0,0,1,1,NULL,'2020-05-01 00:00:01',NULL),(20125828,'Jyotirmay','Datta',1,1,1,1,1,NULL,'2020-05-01 00:00:01',NULL),(20126106,'Uday','Mohandas',1,0,0,1,1,NULL,'2020-05-01 00:00:01',NULL),(20128570,'Raj','Gupta',1,0,0,1,1,NULL,'2020-05-01 00:00:01',NULL),(20128768,'Stawan','Kadepurkar',1,1,1,1,1,NULL,'2020-05-01 00:00:01',NULL),(20129374,'Aslam','Shakir',1,0,0,1,1,NULL,'2020-05-01 00:00:01',NULL),(20129394,'Satish','Chandra',1,1,0,1,1,NULL,'2020-05-01 00:00:01',NULL),(20129650,'Rajat','Das',1,0,0,1,1,NULL,'2020-05-01 00:00:01',NULL),(20130024,'Amol','Vedak',1,1,0,1,1,NULL,'2020-05-01 00:00:01',NULL),(20130303,'Hrishikesh','Rajan',1,0,0,1,1,NULL,'2020-05-01 00:00:01',NULL),(20130799,'Premchanth','Mohan',1,0,0,1,1,NULL,'2020-05-01 00:00:01',NULL),(20131367,'Shyam Mohan','Aditya',1,0,0,1,1,NULL,'2020-05-01 00:00:01',NULL),(20131382,'Sanathan M','R',1,0,0,1,1,NULL,'2020-05-01 00:00:01',NULL),(20132048,'Saurabh','Kandpal',1,0,0,1,1,NULL,'2020-05-01 00:00:01',NULL),(20132940,'Adesh','Misra',1,0,0,1,1,NULL,'2020-05-01 00:00:01',NULL),(20132950,'Arjun Pratap','Singh',1,0,0,1,1,NULL,'2020-05-01 00:00:01',NULL),(20132961,'Kavish','Khatri',1,0,0,1,1,NULL,'2020-05-01 00:00:01',NULL),(20134616,'Manish','Soni',1,1,0,1,1,NULL,'2020-05-01 00:00:01',NULL),(20134794,'Kunal','Chaudhari',1,0,0,1,1,NULL,'2020-05-01 00:00:01',NULL),(20134797,'Michael','Rubinov',1,0,0,1,1,NULL,'2020-05-01 00:00:01',NULL),(20135982,'Shanthi','Rangarao',1,0,0,1,1,NULL,'2020-05-01 00:00:01',NULL),(20138923,'Sharon','Gal',1,0,0,1,1,NULL,'2020-05-01 00:00:01',NULL),(20142469,'Deepa','Mahajan',1,0,0,1,1,NULL,'2020-05-01 00:00:01',NULL),(20144026,'Sureshkumar','Kumaravelu',1,0,0,1,1,NULL,'2020-05-01 00:00:01',NULL),(20144030,'Abilash Reddy','Gaddam',1,0,0,1,1,NULL,'2020-05-01 00:00:01',NULL),(20145421,'Gurpreet Singh','Saini',1,0,0,1,1,NULL,'2020-05-01 00:00:01',NULL),(20145423,'Katherine','Fehily',1,0,0,1,1,NULL,'2020-05-01 00:00:01',NULL),(20149020,'Vikas','Sharma',1,0,0,1,1,NULL,'2020-05-01 00:00:01',NULL),(20150377,'Gaurav','Gupta',1,1,1,1,1,NULL,'2020-05-01 00:00:01',NULL),(20151283,'Asha','Kulkarni',1,0,0,1,1,NULL,'2020-05-01 00:00:01',NULL),(20154250,'Pallavi','Paranjape',1,1,0,1,1,NULL,'2020-05-01 00:00:01',NULL),(20154843,'Rohit','Bhatt',1,0,0,1,1,NULL,'2020-05-01 00:00:01',NULL),(20155396,'Suman','Ramesh',1,0,0,1,1,NULL,'2020-05-01 00:00:01',NULL),(20155801,'Sanket','Mehta',1,0,0,1,1,NULL,'2020-05-01 00:00:01',NULL),(20156363,'Munish','Grover',1,0,0,1,1,NULL,'2020-05-01 00:00:01',NULL),(20156815,'Ram','Ramaseshan',0,1,0,1,1,NULL,'2020-05-01 00:00:01',NULL),(40000051,'Rajeev','Chatrath',1,1,0,1,1,NULL,'2020-05-01 00:00:01',NULL),(40000240,'Tapan Kumar','Phandi',1,0,0,1,1,NULL,'2020-05-01 00:00:01',NULL),(40000525,'ASHISH','SATPATHY',1,0,0,1,1,NULL,'2020-05-01 00:00:01',NULL),(40000639,'Sandeep','Miranda',1,0,0,1,1,NULL,'2020-05-01 00:00:01',NULL),(40000657,'Chandra','Kasinathan',1,0,0,1,1,NULL,'2020-05-01 00:00:01',NULL),(40001036,'Sunil','Mishra',1,0,0,1,1,NULL,'2020-05-01 00:00:01',NULL),(40001135,'Keshava Prasad','S',1,0,0,1,1,NULL,'2020-05-01 00:00:01',NULL),(40001297,'Pankaj','Tiwari',1,1,0,1,1,NULL,'2020-05-01 00:00:01',NULL),(40001497,'Jeffrey Alan','Pharris',1,0,0,1,1,NULL,'2020-05-01 00:00:01',NULL),(40002088,'Chander','Sharma',1,1,0,1,1,NULL,'2020-05-01 00:00:01',NULL),(40002344,'Ashish','Bhal',1,0,0,1,1,NULL,'2020-05-01 00:00:01',NULL),(40003077,'Kumaran','Thandavamurthy',1,0,0,1,1,NULL,'2020-05-01 00:00:01',NULL),(40003643,'James D.','Gatzimas',1,1,0,1,1,NULL,'2020-05-01 00:00:01',NULL),(40003944,'Nagaraj','Keshavamurthy',1,0,0,1,1,NULL,'2020-05-01 00:00:01',NULL),(40003981,'Ajay','Narula',1,0,0,1,1,NULL,'2020-05-01 00:00:01',NULL),(40004815,'Navendu','Bhatt',1,1,0,1,1,NULL,'2020-05-01 00:00:01',NULL),(40005444,'Suprateep','Maitra',1,0,0,1,1,NULL,'2020-05-01 00:00:01',NULL),(40005536,'Radha Manohar','Vuriti',1,0,0,1,1,NULL,'2020-05-01 00:00:01',NULL),(40005571,'Gopakumar','S',1,0,0,1,1,NULL,'2020-05-01 00:00:01',NULL),(40005572,'Madhavan','Vijayasekaran',1,0,0,1,1,NULL,'2020-05-01 00:00:01',NULL),(40005582,'Manish','Kishnani',1,1,0,1,1,NULL,'2020-05-01 00:00:01',NULL),(40005631,'Berthold','Breitling',1,0,0,1,1,NULL,'2020-05-01 00:00:01',NULL),(40005655,'Amit','Padalkar',1,1,0,1,1,NULL,'2020-05-01 00:00:01',NULL),(40005813,'Abhijit','Sutraway',1,0,0,1,1,NULL,'2020-05-01 00:00:01',NULL),(40005877,'Jagadeesan','Balasubramanian',1,0,0,1,1,NULL,'2020-05-01 00:00:01',NULL),(40005936,'Amol','Joshi',1,0,0,1,1,NULL,'2020-05-01 00:00:01',NULL),(40006309,'Manoj','Kumar',1,0,0,1,1,NULL,'2020-05-01 00:00:01',NULL),(40006319,'Bipin','Bhaskar',1,0,0,1,1,NULL,'2020-05-01 00:00:01',NULL),(40006451,'Sukrut','Thakar',1,0,0,1,1,NULL,'2020-05-01 00:00:01',NULL),(40006654,'RAVINDRA KUMAR','NANDURU',1,0,0,1,1,NULL,'2020-05-01 00:00:01',NULL),(40006867,'Narendra B','Thakare',1,0,0,1,1,NULL,'2020-05-01 00:00:01',NULL),(40006872,'Michael Anthony','Felt',1,0,0,1,1,NULL,'2020-05-01 00:00:01',NULL),(40007172,'David','Smart',1,0,0,1,1,NULL,'2020-05-01 00:00:01',NULL),(40007256,'Aman','Bawa',1,0,0,1,1,NULL,'2020-05-01 00:00:01',NULL),(40007620,'Karakattu Parambil Madhavan','Sivankutty',1,0,0,1,1,NULL,'2020-05-01 00:00:01',NULL),(40007694,'Shyam Prasad Rao','Mohan',1,0,0,1,1,NULL,'2020-05-01 00:00:01',NULL),(40007725,'Subhankar','Bhattacharya',1,0,0,1,1,NULL,'2020-05-01 00:00:01',NULL),(40007726,'Gautam','Arni',1,1,0,1,1,NULL,'2020-05-01 00:00:01',NULL),(99001055,'Ujwal','KM',1,0,0,1,1,NULL,'2020-05-01 00:00:01',NULL),(99001057,'Prasad','Pawar',1,0,0,1,1,NULL,'2020-05-01 00:00:01',NULL),(99001058,'Hemanga','Dutta',1,0,0,1,1,NULL,'2020-05-01 00:00:01',NULL),(99001059,'Vishal','Charate',1,0,0,1,1,NULL,'2020-05-01 00:00:01',NULL);
/*!40000 ALTER TABLE `user` ENABLE KEYS */;
UNLOCK TABLES;

--
-- Table structure for table `vertical`
--

DROP TABLE IF EXISTS `vertical`;
/*!40101 SET @saved_cs_client     = @@character_set_client */;
 SET character_set_client = utf8mb4 ;
CREATE TABLE `vertical` (
  `id` int NOT NULL AUTO_INCREMENT,
  `name` varchar(100) DEFAULT NULL,
  `country_id` int NOT NULL,
  `code` varchar(3) NOT NULL,
  `is_active` tinyint(1) NOT NULL DEFAULT '1' COMMENT 'Is Active',
  `created_by` varchar(45) NOT NULL COMMENT 'Created By - PS Number',
  `modified_by` varchar(45) DEFAULT NULL COMMENT 'Modified By - PS number',
  `created` datetime NOT NULL COMMENT 'Created Data & Time',
  `modified` datetime DEFAULT NULL COMMENT 'Modified Date & Time',
  PRIMARY KEY (`id`),
  UNIQUE KEY `id_UNIQUE` (`id`),
  KEY `FK_vertical_country_id_idx` (`country_id`),
  CONSTRAINT `FK_vertical_country_id` FOREIGN KEY (`country_id`) REFERENCES `country` (`id`)
) ENGINE=InnoDB AUTO_INCREMENT=29 DEFAULT CHARSET=utf32;
/*!40101 SET character_set_client = @saved_cs_client */;

--
-- Dumping data for table `vertical`
--

LOCK TABLES `vertical` WRITE;
/*!40000 ALTER TABLE `vertical` DISABLE KEYS */;
INSERT INTO `vertical` VALUES (1,'Auto Tier 1',233,'ACV',1,'1',NULL,'2020-05-01 00:00:01',NULL),(2,'Auto OEM',233,'OEM',1,'1',NULL,'2020-05-01 00:00:01',NULL),(3,'Trucks & Off Highway',233,'OHP',1,'1',NULL,'2020-05-01 00:00:01',NULL),(4,'Aero Systems ',233,'AES',1,'1',NULL,'2020-05-01 00:00:01',NULL),(5,'Aero Applications',233,'AAP',1,'1',NULL,'2020-05-01 00:00:01',NULL),(6,'Rail',233,'RAL',1,'1',NULL,'2020-05-01 00:00:01',NULL),(7,'Aero OEM & Tier 1',233,'AER',1,'1',NULL,'2020-05-01 00:00:01',NULL),(8,'BldgAuto, SmartInfra',233,'BAS',1,'1',NULL,'2020-05-01 00:00:01',NULL),(9,'Electrical Drives & Power',233,'EDP',1,'1',NULL,'2020-05-01 00:00:01',NULL),(10,'Consumer Products',233,'CES',1,'1',NULL,'2020-05-01 00:00:01',NULL),(11,'Machinery & Equipment',233,'MAC',1,'1',NULL,'2020-05-01 00:00:01',NULL),(12,'Semiconductor',233,'SEM',1,'1',NULL,'2020-05-01 00:00:01',NULL),(13,'Telecom & Infra',233,'TEL',1,'1',NULL,'2020-05-01 00:00:01',NULL),(14,'Intel',233,'INT',1,'1',NULL,'2020-05-01 00:00:01',NULL),(15,'Media Entertainment',233,'MNE',1,'1',NULL,'2020-05-01 00:00:01',NULL),(16,'Media Service Provider',233,'MSP',1,'1',NULL,'2020-05-01 00:00:01',NULL),(17,'Evolution',233,'EVO',1,'1',NULL,'2020-05-01 00:00:01',NULL),(18,'Vantage',233,'VAN',1,'1',NULL,'2020-05-01 00:00:01',NULL),(19,'P&G',233,'PNG',1,'1',NULL,'2020-05-01 00:00:01',NULL),(20,'Oil & Gas',233,'ONG',1,'1',NULL,'2020-05-01 00:00:01',NULL),(21,'Chemicals',233,'CHM',1,'1',NULL,'2020-05-01 00:00:01',NULL),(22,'FMCG',233,'CPG',1,'1',NULL,'2020-05-01 00:00:01',NULL),(23,'In Vitro Diagnostics',233,'IVD',1,'1',NULL,'2020-05-01 00:00:01',NULL),(24,'Diagnostics',233,'DAG',1,'1',NULL,'2020-05-01 00:00:01',NULL),(25,'Musculoskeletal & Surgical',233,'MSS',1,'1',NULL,'2020-05-01 00:00:01',NULL),(26,'Therapy & Others',233,'TPO',1,'1',NULL,'2020-05-01 00:00:01',NULL),(27,'ISV & Alliance',233,'ISV',1,'1',NULL,'2020-05-01 00:00:01',NULL),(28,'DOC',233,'DOC',1,'1',NULL,'2020-05-01 00:00:01',NULL);
/*!40000 ALTER TABLE `vertical` ENABLE KEYS */;
UNLOCK TABLES;
/*!40103 SET TIME_ZONE=@OLD_TIME_ZONE */;

/*!40101 SET SQL_MODE=@OLD_SQL_MODE */;
/*!40014 SET FOREIGN_KEY_CHECKS=@OLD_FOREIGN_KEY_CHECKS */;
/*!40014 SET UNIQUE_CHECKS=@OLD_UNIQUE_CHECKS */;
/*!40101 SET CHARACTER_SET_CLIENT=@OLD_CHARACTER_SET_CLIENT */;
/*!40101 SET CHARACTER_SET_RESULTS=@OLD_CHARACTER_SET_RESULTS */;
/*!40101 SET COLLATION_CONNECTION=@OLD_COLLATION_CONNECTION */;
/*!40111 SET SQL_NOTES=@OLD_SQL_NOTES */;

-- Dump completed on 2020-05-07  1:29:48

ALTER TABLE `budget`.`vertical` 
DROP FOREIGN KEY `FK_vertical_country_id`;
ALTER TABLE `budget`.`vertical` 
DROP COLUMN `country_id`,
DROP INDEX `FK_vertical_country_id_idx` ;
;


UPDATE `budget`.`sales_region` SET `region_id` = '3' WHERE (`id` = '5');

ALTER TABLE `budget`.`budget` 
DROP COLUMN `is_new`;


CREATE TABLE `budget`.`segment` (
  `id` INT NOT NULL AUTO_INCREMENT COMMENT 'Segment ID',
  `name` VARCHAR(100) NOT NULL COMMENT 'Segment Name',
  `is_active` tinyint(1) NOT NULL DEFAULT '1' COMMENT 'Is Active',
  `created_by` varchar(45) NOT NULL COMMENT 'Created By - PS Number',
  `modified_by` varchar(45) DEFAULT NULL COMMENT 'Modified By - PS number',
  `created` datetime NOT NULL COMMENT 'Created Data & Time',
  `modified` datetime DEFAULT NULL COMMENT 'Modified Date & Time',
  PRIMARY KEY (`id`),
  UNIQUE INDEX `id_UNIQUE` (`id` ASC) VISIBLE);

ALTER TABLE `budget`.`vertical` 
ADD COLUMN `segment_id` INT NOT NULL COMMENT 'Segment id - to link segment table' AFTER `code`;

INSERT INTO `budget`.`segment` (`id`, `name`, `is_active`, `created_by`, `created`) VALUES ('1', 'Industrial Products', '1', '1', '2020-05-01 00:00:59');
INSERT INTO `budget`.`segment` (`id`, `name`, `is_active`, `created_by`, `created`) VALUES ('2', 'Medical Devices', '1', '1', '2020-05-01 00:00:59');
INSERT INTO `budget`.`segment` (`id`, `name`, `is_active`, `created_by`, `created`) VALUES ('3', 'Process Industry', '1', '1', '2020-05-01 00:00:59');
INSERT INTO `budget`.`segment` (`id`, `name`, `is_active`, `created_by`, `created`) VALUES ('4', 'Telecom & Hi-Tech', '1', '1', '2020-05-01 00:00:59');
INSERT INTO `budget`.`segment` (`id`, `name`, `is_active`, `created_by`, `created`) VALUES ('5', 'Transportation', '1', '1', '2020-05-01 00:00:59');

UPDATE `budget`.`vertical` SET `segment_id` = '5' WHERE (`id` = '1');
UPDATE `budget`.`vertical` SET `segment_id` = '5' WHERE (`id` = '2');
UPDATE `budget`.`vertical` SET `segment_id` = '5' WHERE (`id` = '3');
UPDATE `budget`.`vertical` SET `segment_id` = '5' WHERE (`id` = '4');
UPDATE `budget`.`vertical` SET `segment_id` = '5' WHERE (`id` = '5');
UPDATE `budget`.`vertical` SET `segment_id` = '5' WHERE (`id` = '6');
UPDATE `budget`.`vertical` SET `segment_id` = '5' WHERE (`id` = '7');
UPDATE `budget`.`vertical` SET `segment_id` = '5' WHERE (`id` = '28');
UPDATE `budget`.`vertical` SET `segment_id` = '1' WHERE (`id` = '8');
UPDATE `budget`.`vertical` SET `segment_id` = '1' WHERE (`id` = '9');
UPDATE `budget`.`vertical` SET `segment_id` = '1' WHERE (`id` = '11');
UPDATE `budget`.`vertical` SET `segment_id` = '2' WHERE (`id` = '23');
UPDATE `budget`.`vertical` SET `segment_id` = '2' WHERE (`id` = '24');
UPDATE `budget`.`vertical` SET `segment_id` = '2' WHERE (`id` = '25');
UPDATE `budget`.`vertical` SET `segment_id` = '2' WHERE (`id` = '26');
UPDATE `budget`.`vertical` SET `segment_id` = '3' WHERE (`id` = '19');
UPDATE `budget`.`vertical` SET `segment_id` = '3' WHERE (`id` = '20');
UPDATE `budget`.`vertical` SET `segment_id` = '3' WHERE (`id` = '21');
UPDATE `budget`.`vertical` SET `segment_id` = '3' WHERE (`id` = '22');
UPDATE `budget`.`vertical` SET `segment_id` = '4' WHERE (`id` = '10');
UPDATE `budget`.`vertical` SET `segment_id` = '4' WHERE (`id` = '12');
UPDATE `budget`.`vertical` SET `segment_id` = '4' WHERE (`id` = '13');
UPDATE `budget`.`vertical` SET `segment_id` = '4' WHERE (`id` = '14');
UPDATE `budget`.`vertical` SET `segment_id` = '4' WHERE (`id` = '15');
UPDATE `budget`.`vertical` SET `segment_id` = '4' WHERE (`id` = '16');
UPDATE `budget`.`vertical` SET `segment_id` = '4' WHERE (`id` = '17');
UPDATE `budget`.`vertical` SET `segment_id` = '4' WHERE (`id` = '18');
UPDATE `budget`.`vertical` SET `segment_id` = '4' WHERE (`id` = '27');


ALTER TABLE `budget`.`vertical` 
ADD INDEX `FK_vertical_segment_id_idx` (`segment_id` ASC) VISIBLE;
;
ALTER TABLE `budget`.`vertical` 
ADD CONSTRAINT `FK_vertical_segment_id`
  FOREIGN KEY (`segment_id`)
  REFERENCES `budget`.`segment` (`id`)
  ON DELETE NO ACTION
  ON UPDATE NO ACTION;
